teamId,teamName,conference,powerRating,hca,adjO,adjD,tempo,barthag,torvikRank,torvikOeRank,torvikDeRank,wins,losses
team-connecticut,Connecticut,BE,43.644,0,126.13446218929292,66.01960039938773,72.601187977194,0.999416022223594,1,4,1,31,0
team-ucla,UCLA,B10,40.067,0,133.0605028886321,73.73366069558375,67.53546738351983,0.9988751295464454,2,1,4,28,1
team-south-carolina,South Carolina,SEC,38.718,0,126.07365800478938,71.50685948022014,70.95475366700555,0.9985304652780425,3,5,3,29,2
team-lsu,LSU,SEC,38.403,0,126.1749199786596,75.63530409362815,75.98644139331577,0.9972270851203202,5,3,7,26,4
team-texas,Texas,SEC,36.937,0,122.64258134711457,70.88660542318286,71.36721941171699,0.9981747603399392,4,6,2,28,3
team-michigan,Michigan,B10,31.613,0,118.1183589635491,74.96905762241833,73.2653073969296,0.9946645618893503,6,7,6,24,5
team-vanderbilt,Vanderbilt,SEC,30.612,0,126.81010227327971,84.03741046810583,71.56924664777061,0.9912631423638175,8,2,42,27,3
team-oklahoma,Oklahoma,SEC,28.338,0,113.9968047524894,77.65903549527822,77.98470265642311,0.9880403957053113,12,19,10,23,6
team-duke,Duke,ACC,28.142,0,113.48342478615844,73.94280902920406,71.17317248792315,0.9927981949903002,7,22,5,21,8
team-ohio-st,Ohio St.,B10,27.197,0,117.12566241197987,80.78952697137868,74.8482280520585,0.9862259709361014,15,14,26,24,6
team-maryland,Maryland,B10,27.176,0,117.81085843369992,80.01667648928478,71.9040489807617,0.9884416536238873,11,9,20,23,7
team-iowa,Iowa,B10,26.928,0,117.14680257732309,79.0705175622374,70.72162479710448,0.9892336985239314,10,13,16,24,5
team-louisville,Louisville,ACC,26.422,0,118.00070646559823,80.48100186189183,70.42175838369437,0.9878799341300756,13,8,24,25,6
team-minnesota,Minnesota,B10,25.946,0,117.15214322566038,78.16826435091701,66.5546296633572,0.9905571693681448,9,12,13,22,7
team-tcu,TCU,B12,24.793,0,113.94411358561209,77.87354075038888,68.73574142346271,0.9875947340065205,14,20,11,27,4
team-tennessee,Tennessee,SEC,24.472,0,114.4922193677592,81.40572231416752,73.96402374656823,0.9805869334414477,20,17,28,16,12
team-west-virginia,West Virginia,B12,24.284,0,110.93988835068984,76.89444232164293,71.32953700684234,0.9854481935660098,17,30,9,24,6
team-michigan-st,Michigan St.,B10,24.16,0,117.18774904264743,83.43942958574934,71.58825583289388,0.9802769710324247,21,11,40,22,7
team-kentucky,Kentucky,SEC,23.895,0,114.09527297053944,78.71313448967598,67.53366404789632,0.986198408035575,16,18,14,21,9
team-north-carolina,North Carolina,ACC,23.24,0,111.96172533344196,78.13541382645094,68.70514141610376,0.9842758323305766,18,27,12,25,6
team-n-c-state,N.C. State,ACC,22.673,0,113.65608479733388,81.84948811883999,71.2855090255049,0.9775858343861138,23,21,32,20,9
team-usc,USC,B10,22.152,0,107.62925170923005,76.01225793935012,70.06361791341729,0.9820080537923224,19,45,8,17,12
team-nebraska,Nebraska,B10,21.887,0,116.40863664492107,85.39497890579179,70.57217175978138,0.9724260730441215,26,15,51,18,11
team-notre-dame,Notre Dame,ACC,21.753,0,113.26927397305553,82.98424099683231,71.82837294290316,0.9728234460510365,25,23,37,20,9
team-iowa-st,Iowa St.,B12,21.213,0,117.26842581582734,87.7306334235038,71.81530202291746,0.9656843564781458,34,10,79,22,8
team-washington,Washington,B10,20.908,0,111.43326823333202,80.17916845836203,66.8972094519475,0.9778033048591237,22,29,22,20,9
team-mississippi,Mississippi,SEC,20.876,0,112.32589741209992,81.84371755158958,68.48755231754787,0.9744396020439839,24,25,31,21,10
team-illinois,Illinois,B10,20.694,0,116.26358045728107,86.65404194957499,69.8902897611496,0.9670820825875652,32,16,65,19,10
team-villanova,Villanova,BE,20.547,0,109.67466464544665,80.64542916223921,70.78176821692207,0.971687944522002,27,35,25,23,6
team-oregon,Oregon,B10,20.087,0,107.98772356209733,79.89868537895353,71.51013876392565,0.9696597120299237,28,43,18,20,11
team-oklahoma-st,Oklahoma St.,B12,20.017,0,112.64586891657166,84.1283863232604,70.19300827268667,0.9663302866547455,33,24,43,23,8
team-texas-tech,Texas Tech,B12,19.419,0,108.03593539193766,79.94443929618194,69.12795751804778,0.9696170103028815,29,42,19,25,6
team-georgia,Georgia,SEC,19.288,0,108.42323908834467,80.47455504173752,69.0120567736389,0.9685732937469731,30,40,23,22,8
team-alabama,Alabama,SEC,19.133,0,110.5864354383053,82.20009439261844,67.40308780133456,0.9680580338239873,31,31,33,21,9
team-baylor,Baylor,B12,18.483,0,104.90984503198152,78.72568597265385,70.58813809435723,0.9644979287249927,35,57,15,24,7
team-virginia-tech,Virginia Tech,ACC,17.88,0,104.9724262183553,80.03060712547725,71.68549733357362,0.9577028730285332,36,56,21,22,8
team-mississippi-st,Mississippi St.,SEC,16.695,0,107.63760601083695,84.19969710845666,71.23065151235902,0.943967282764597,39,44,44,18,12
team-syracuse,Syracuse,ACC,16.669,0,106.3372984830576,82.96094989915835,71.30883066856705,0.9455678166615766,38,47,36,22,7
team-colorado,Colorado,B12,16.469,0,105.76178680351418,81.83415318267085,68.82758630896963,0.9502487322850998,37,51,30,20,10
team-virginia,Virginia,ACC,16.469,0,112.04258032442507,87.66946761051844,67.57072422373595,0.9438007046432215,40,26,77,19,10
team-florida,Florida,SEC,16.378,0,108.87366345059377,85.5958124851102,70.35997614276415,0.9408298805624268,42,38,56,17,14
team-stanford,Stanford,ACC,15.431,0,103.90929213025598,81.56431814220447,69.0563592046692,0.9418299459463259,41,62,29,19,12
team-richmond,Richmond,A10,15.298,0,111.61431311159959,88.55600282068814,66.34617703439439,0.9347017738041796,43,28,96,25,6
team-indiana,Indiana,B10,14.834,0,110.1185412161839,88.66707433475995,69.15309608387585,0.9235572978809491,45,32,99,17,13
team-california,California,ACC,14.102,0,105.51748046199673,84.7552466522258,67.91961720878456,0.9255150470371246,44,52,47,18,13
team-kansas,Kansas,B12,14.089,0,109.69620732511427,89.1200555467027,68.47468312723007,0.915976911301929,48,34,104,18,12
team-princeton,Princeton,Ivy,13.619,0,109.9878990177591,89.58439672815067,66.75036450633448,0.9137002356980081,49,33,110,23,3
team-james-madison,James Madison,SB,13.452,0,103.7329333688239,84.61667294061631,70.36988837382617,0.9123294953835522,50,64,45,23,8
team-south-dakota-st,South Dakota St.,Sum,13.373,0,108.06293807566891,88.48427184891455,68.302662525552,0.9087712649459337,52,41,94,24,6
team-arizona-st,Arizona St.,B12,13.215,0,98.5851126534744,79.4918103517559,69.21116304792162,0.9224107689675712,46,94,17,22,9
team-texas-a-m,Texas A&M,SEC,13.145,0,102.21184465900956,83.39042046333736,69.84312554548441,0.912169136364272,51,77,39,14,11
team-utah,Utah,B12,12.864,0,104.01927558614912,85.4127724573168,69.13587060479878,0.9060580724786843,53,60,52,19,11
team-clemson,Clemson,ACC,12.705,0,105.979458839647,86.06637244778766,63.8015655916645,0.91632684910319,47,50,58,20,10
team-fairfield,Fairfield,MAAC,12.54,0,106.4203691315938,88.26086177835464,69.05704184008792,0.8958231092589111,55,46,88,25,4
team-seton-hall,Seton Hall,BE,12.526,0,103.42779238545333,85.45150388058661,69.6821779530055,0.8998567636905778,54,68,54,18,11
team-byu,BYU,B12,12.313,0,102.45641687326733,85.21650246038797,71.42186154647541,0.8927158691802886,57,75,49,20,10
team-north-dakota-st,North Dakota St.,Sum,12.229,0,109.6644139801455,91.82351029003878,68.54719563239081,0.8851266325394299,60,36,163,26,3
team-columbia,Columbia,Ivy,12.003,0,102.63850436082248,85.56138266553077,70.2891934162499,0.8901974655875446,59,73,55,20,6
team-marquette,Marquette,BE,11.978,0,105.09249766924091,87.35577870957997,67.53364151991434,0.8933851117115179,56,54,72,18,11
team-kansas-st,Kansas St.,B12,11.768,0,104.01382808657,87.19546412557713,69.96996399909163,0.8837337192151793,61,61,70,15,16
team-rhode-island,Rhode Island,A10,11.439,0,103.72736939020723,86.28463271603198,65.5797391328641,0.8925749115304786,58,65,61,25,4
team-montana-st,Montana St.,BSky,10.854,0,97.64298725603743,82.83933255006663,73.31859398286171,0.8688434022913295,64,103,34,23,6
team-gonzaga,Gonzaga,WCC,10.771,0,106.07446323406091,90.41401654955325,68.77524338924893,0.8625974617837582,66,49,125,22,9
team-george-mason,George Mason,A10,10.761,0,99.53023891691574,83.87931557874028,68.75518672055371,0.8773367704905868,62,88,41,21,8
team-miami-fl,Miami FL,ACC,10.659,0,102.41178238613875,87.08161342149529,69.5296510236924,0.8658547553619413,65,76,68,16,13
team-georgia-tech,Georgia Tech,ACC,10.636,0,95.55700859576271,80.81490990604682,72.14607462409212,0.8729123031129437,63,124,27,13,17
team-penn-st,Penn St.,B10,10.576,0,109.06535019643393,95.00842235829923,75.24032583989592,0.8301639382686469,76,37,224,11,18
team-rice,Rice,Amer,10.017,0,100.83562722963043,86.51031349131372,69.92561699466802,0.8534753703560236,68,82,63,27,3
team-south-florida,South Florida,Amer,9.92,0,103.12028102313604,89.00693547650013,70.28780433011735,0.8445645439348929,72,70,103,19,11
team-missouri,Missouri,SEC,9.868,0,108.46027853996861,94.62684114768558,71.33246907352625,0.8276542224017251,77,39,219,16,15
team-harvard,Harvard,Ivy,9.736,0,97.51975445394615,83.14038436953936,67.7106466134201,0.8623005801712575,67,105,38,16,10
team-san-diego-st,San Diego St.,MWC,9.728,0,102.47829489986601,88.05056447833891,67.42389033364148,0.8513219811284084,70,74,82,25,4
team-creighton,Creighton,BE,9.7,0,104.66176782778103,90.68326463005539,69.39470741374147,0.8387088150922535,74,59,129,15,14
team-wisconsin,Wisconsin,B10,9.683,0,105.19819035963275,91.10414783822154,68.70525870129298,0.8394567784393296,73,53,142,13,16
team-colorado-st,Colorado St.,MWC,9.37,0,101.75515629946273,87.38939423852645,65.22758898186036,0.8519842141961884,69,79,74,24,7
team-georgia-southern,Georgia Southern,SB,9.36,0,102.67977033595662,88.59571028399976,66.46141130566241,0.8450920274475638,71,72,98,23,6
team-purdue,Purdue,B10,9.135,0,103.62547250806368,90.47125915832973,69.44322964979337,0.8265162925904076,78,66,127,13,16
team-georgetown,Georgetown,BE,8.732,0,98.06707479824047,85.11183030032741,67.40419269852097,0.8360853515953832,75,101,48,13,16
team-ball-st,Ball St.,MAC,8.726,0,102.80002348010805,90.9807244658567,73.82502297577102,0.8029106152385306,85,71,135,24,6
team-troy,Troy,SB,8.634,0,101.05755846848524,89.89360805536413,77.3366988956853,0.7935124521679285,87,80,118,24,6
team-santa-clara,Santa Clara,WCC,8.474,0,104.87123349444248,93.58105822395618,75.05647916686483,0.7874981701171854,88,58,195,23,8
team-louisiana-tech,Louisiana Tech,CUSA,8.407,0,103.50683444651736,91.09875120421322,67.75735035068004,0.8128256042285494,80,67,141,22,5
team-miami-oh,Miami OH,MAC,8.282,0,97.31418716641281,85.23687565284106,68.57110621399625,0.8211079875811622,79,108,50,24,5
team-oregon-st,Oregon St.,WCC,7.627,0,99.85973139524486,88.30560155299817,66.01149153416345,0.8044077531086509,82,87,89,21,10
team-st-john-s,St. John's,BE,7.586,0,98.43758932306821,87.0533850103804,66.6389939156237,0.804295934248292,84,96,67,21,10
team-davidson,Davidson,A10,7.567,0,97.09371231750299,85.73382980816676,66.6103113439458,0.8070469460744857,81,116,57,20,11
team-quinnipiac,Quinnipiac,MAAC,7.464,0,99.11743336417764,87.65111808296231,65.09228634959628,0.8043679500952806,83,93,76,24,5
team-mcneese-st,McNeese St.,Slnd,7.262,0,95.48583697911832,84.6620328142692,67.09185198605505,0.7995642094708387,86,125,46,27,4
team-cincinnati,Cincinnati,B12,7.147,0,103.79023166044513,93.60774228789256,70.19321294439018,0.766289302864198,94,63,196,11,19
team-idaho,Idaho,BSky,7.146,0,98.02851161645248,88.47368213347565,74.79113040017545,0.764833117977694,95,102,93,26,5
team-unlv,UNLV,MWC,7.043,0,103.403713526872,93.07957507193058,68.2141931498778,0.7702352763943403,92,69,181,19,10
team-massachusetts,Massachusetts,MAC,6.874,0,98.08621715888185,88.12845550231312,69.03364100714373,0.7740094592678481,91,100,85,21,6
team-uc-irvine,UC Irvine,BW,6.854,0,100.47594473066522,90.23855536709047,66.947036282603,0.7748334909503212,90,83,121,24,5
team-arkansas-st,Arkansas St.,SB,6.721,0,94.1982267212547,85.41330349073664,76.50544000975961,0.7550711327606262,97,149,53,23,8
team-auburn,Auburn,SEC,6.596,0,92.71015363431835,82.86244927279051,66.97763651870362,0.7843847425207529,89,172,35,14,16
team-florida-st,Florida St.,ACC,6.55,0,100.07063649911899,91.29216460221824,74.6087123003571,0.7418929209722067,100,85,147,10,20
team-green-bay,Green Bay,Horz,6.544,0,98.43481025914349,88.77576539510895,67.7505419443258,0.7663346952264162,93,97,100,22,8
team-loyola-marymount,Loyola Marymount,WCC,6.527,0,102.11307762507002,92.46502372886664,67.65036267316371,0.7579327444045708,96,78,170,21,8
team-murray-st,Murray St.,MVC,6.469,0,106.2782753252084,97.56077102762569,74.20268131820697,0.7279471878856971,103,48,260,26,3
team-lindenwood,Lindenwood,OVC,6.108,0,105.08418705401908,95.87809050335278,66.3448408316028,0.7416131067090569,101,55,238,24,7
team-saint-joseph-s,Saint Joseph's,A10,5.905,0,99.17377282692229,90.25311227096927,66.19391673037032,0.7472385605086211,99,91,122,19,10
team-arkansas,Arkansas,SEC,5.796,0,97.49489237047564,89.70386967923795,74.39265673984586,0.722679097498773,104,106,113,12,19
team-vermont,Vermont,AE,5.72,0,97.47039240453091,88.46289548595917,63.49924648549292,0.7530792052140787,98,107,92,24,7
team-north-texas,North Texas,Amer,5.699,0,94.19198894887458,86.1151789471102,70.55516881938573,0.7371036387129912,102,150,59,17,13
team-boise-st,Boise St.,MWC,5.558,0,99.48181010024122,91.65394652737373,71.00901763232874,0.7196003279063502,106,89,158,23,7
team-western-illinois,Western Illinois,OVC,5.479,0,100.41351823016598,92.49648456989867,69.20452181587848,0.7199979281649098,105,84,171,24,5
team-belmont,Belmont,MVC,5.199,0,97.20108027970446,89.69830567052051,69.29829255181738,0.7158146038134493,107,113,112,18,11
team-butler,Butler,BE,4.768,0,95.40774945740003,88.38820437790682,67.93107044586819,0.7065827621325572,108,127,90,12,18
team-new-mexico,New Mexico,MWC,4.74,0,97.64210166575921,90.74363775195636,68.71372162317694,0.6990145592252061,110,104,131,22,9
team-abilene-christian,Abilene Christian,WAC,4.683,0,97.24788481806023,90.43309185414871,68.72013188840734,0.6975185538025133,111,110,126,21,8
team-pepperdine,Pepperdine,WCC,4.656,0,98.25080559310737,91.56679055294208,69.65809612411574,0.6921585385719201,112,98,155,19,11
team-central-arkansas,Central Arkansas,ASun,4.544,0,94.59397192443974,87.87972735064304,67.6750350125866,0.6998708600852668,109,141,80,20,10
team-northwestern,Northwestern,B10,4.452,0,100.85855802774086,94.44545812058621,69.42539129857359,0.680378345744687,113,81,215,8,21
team-arizona,Arizona,B12,4.366,0,97.30365065858996,91.35760110488596,73.43087256264246,0.6737362766431242,115,109,149,12,17
team-eastern-kentucky,Eastern Kentucky,ASun,4.204,0,95.26716441741856,89.34304735415594,70.96471941456615,0.6766284717408279,114,128,106,24,7
team-marshall,Marshall,SB,4.072,0,99.87057527814957,93.86191791167509,67.7766335261121,0.6711915274020797,116,86,201,23,8
team-navy,Navy,Pat,3.973,0,96.13823722603074,90.48611948003524,70.29811306095648,0.6674762745105637,117,120,128,20,7
team-portland,Portland,WCC,3.89,0,91.80999935064189,86.47302918351063,72.88837440583436,0.6656820150400026,118,182,62,17,13
team-wake-forest,Wake Forest,ACC,3.818,0,97.10941110843723,91.49195429935425,67.96619824314023,0.6649101991014913,119,115,152,14,16
team-uc-san-diego,UC San Diego,BW,3.768,0,94.7784926674276,89.45568954762437,70.7969432664898,0.6603130627893466,120,137,108,20,8
team-charleston,Charleston,CAA,3.503,0,98.09494109187906,93.11782320749015,70.3726207296609,0.6453833585354409,121,99,183,22,5
team-providence,Providence,BE,2.976,0,92.55889535772462,88.2036046108849,68.3292532923702,0.6351254988813625,123,175,87,14,17
team-brown,Brown,Ivy,2.969,0,90.4661120900567,86.13298317509233,68.52464402466869,0.6374823602624646,122,201,60,16,9
team-southern-indiana,Southern Indiana,OVC,2.96,0,93.6181127817037,89.33113280512151,69.03469487972053,0.6315911432170502,126,158,105,20,9
team-cal-baptist,Cal Baptist,WAC,2.887,0,97.18802748908814,93.27705894800425,73.80697566479525,0.6159382519859435,127,114,188,19,10
team-fairleigh-dickinson,Fairleigh Dickinson,NEC,2.87,0,95.77604714645683,91.28439619847558,63.898499457735696,0.6346868311244989,124,123,146,26,4
team-hawaii,Hawaii,BW,2.8,0,91.35254021579185,87.16013728833993,66.79340932589318,0.6318725620531137,125,187,69,18,10
team-east-carolina,East Carolina,Amer,2.737,0,95.1039431206512,91.35345999663718,72.97706450589736,0.6136531065621814,128,131,148,21,9
team-northern-colorado,Northern Colorado,BSky,2.466,0,92.99053279300921,89.36152871762627,67.9627581064342,0.6124886854539161,129,170,107,22,9
team-south-dakota,South Dakota,Sum,2.389,0,93.45274083728863,89.95525003951863,68.30590291023172,0.6079374696333377,130,163,120,22,8
team-army,Army,Pat,2.325,0,94.71588308666108,91.18437575656955,65.83372316729626,0.6075388650404779,131,139,143,22,6
team-grand-canyon,Grand Canyon,MWC,2.222,0,91.17639693664688,88.09714723266336,72.1639994047981,0.5975081141501993,134,190,83,12,18
team-penn,Penn,Ivy,2.207,0,94.05809046054445,90.74593415242524,66.62640388346446,0.6016302391272966,132,152,132,16,10
team-idaho-st,Idaho St.,BSky,2.139,0,90.43826053014713,87.36224730428188,69.52620208275296,0.5981945553166413,133,202,73,19,10
team-missouri-st,Missouri St.,CUSA,2.115,0,91.60214675485605,88.586335124398,70.13438990524821,0.5950752375901052,135,184,97,18,11
team-purdue-fort-wayne,Purdue Fort Wayne,Horz,2.004,0,94.02530506907239,91.24275076379047,72.03597468259296,0.5855173350472287,138,153,144,18,12
team-rutgers,Rutgers,B10,1.937,0,92.31572603000436,89.45761759085408,67.76227076965819,0.589444563221364,136,177,109,9,20
team-cleveland-st,Cleveland St.,Horz,1.929,0,94.83816488129054,92.0136639117326,68.29689675738997,0.5860598411154448,137,135,166,23,8
team-uc-santa-barbara,UC Santa Barbara,BW,1.846,0,94.4460353604517,91.68855244338586,66.93892608435304,0.5843745047473892,139,144,160,20,8
team-northern-iowa,Northern Iowa,MVC,1.783,0,93.39864897693514,90.79770323518287,68.54351576923686,0.5804919531743803,140,164,133,15,13
team-coastal-carolina,Coastal Carolina,SB,1.726,0,93.39747755749383,91.06213730027804,73.91260537409437,0.5722912888934528,143,165,140,14,17
team-ucf,UCF,B12,1.721,0,93.50415834993214,91.00597257524015,68.88685245298805,0.577233997295704,141,162,136,11,18
team-central-michigan,Central Michigan,MAC,1.721,0,95.23299218211262,92.79128731663889,70.47171284070814,0.5741240619694719,142,129,178,17,11
team-ohio,Ohio,MAC,1.7,0,96.4133207296207,94.1301265325326,74.46214407013645,0.568470016946881,144,119,205,15,12
team-temple,Temple,Amer,1.498,0,94.78269219179572,92.69231354821827,71.67496005342029,0.5637670132265307,147,136,176,13,16
team-la-salle,La Salle,A10,1.497,0,93.14229714613427,91.05384241786338,71.70283241768598,0.5648304894210439,145,167,139,17,12
team-old-dominion,Old Dominion,SB,1.488,0,93.69345312432449,91.60369324293572,71.19635601784395,0.5644893705189038,146,157,157,18,13
team-illinois-st,Illinois St.,MVC,1.361,0,98.49261741228793,96.48508097720799,67.76967471401359,0.5589302841681063,150,95,246,18,11
team-youngstown-st,Youngstown St.,Horz,1.315,0,90.39550016806149,88.45546367934523,67.80156735326881,0.5620524307672456,148,204,91,22,8
team-xavier,Xavier,BE,1.311,0,91.78164075233491,89.85162583440643,67.94748681935779,0.560798817455009,149,183,116,11,18
team-liberty,Liberty,CUSA,1.145,0,95.20183814838208,93.45482397736988,65.54149337392661,0.553047757165695,151,130,191,16,12
team-charlotte,Charlotte,Amer,1.104,0,94.2641795091568,92.64026024618103,67.99902995153235,0.5497945263858743,152,146,175,13,17
team-fresno-st,Fresno St.,MWC,0.951,0,88.63243147508048,87.26701426532622,69.65548368152852,0.5445170061268136,153,231,71,14,17
team-southern-utah,Southern Utah,WAC,0.873,0,99.31105079289702,98.0510842495933,69.30083353610668,0.5366428803509228,155,90,267,19,9
team-jacksonville,Jacksonville,ASun,0.864,0,92.18096929220468,91.04079760379659,75.77286964310704,0.5357212061717147,156,178,137,21,8
team-florida-gulf-coast,Florida Gulf Coast,ASun,0.848,0,89.38530537848791,88.1131774918199,66.67319752407394,0.5411177677229234,154,218,84,16,14
team-bradley,Bradley,MVC,0.76,0,91.40542953944657,90.29419109397162,68.41215429207833,0.5351084146205765,157,186,123,19,10
team-san-francisco,San Francisco,WCC,0.707,0,90.78049238933012,89.82573294293354,74.09877647786487,0.5303597754820505,158,197,115,16,13
team-high-point,High Point,BSth,0.631,0,92.6773908785915,91.79041363294095,71.16255481561892,0.5276198151945933,159,173,161,24,5
team-utsa,UTSA,Amer,0.56,0,88.87539903561496,88.0484026688319,67.65524034039574,0.5268516091396339,160,227,81,13,14
team-toledo,Toledo,MAC,0.552,0,91.54979829837589,90.73531515315278,67.75184084170239,0.5256696316935235,161,185,130,14,13
team-depaul,DePaul,BE,0.343,0,94.25468701213921,93.78079278795417,72.36980412100493,0.5144873448538364,163,147,198,8,23
team-middle-tennessee,Middle Tennessee,CUSA,0.339,0,93.09828070819897,92.57685974061792,64.99360371280444,0.5161418300063247,162,169,173,15,13
team-drexel,Drexel,CAA,0.257,0,93.59098743264057,93.19188004914427,64.43529073954323,0.5122838309485213,164,160,184,19,8
team-austin-peay,Austin Peay,ASun,0.208,0,94.90672442145801,94.58822108889035,65.3743785817102,0.509663412575324,165,134,217,17,12
team-louisiana-monroe,Louisiana Monroe,SB,0.153,0,93.57030132532128,93.35758158472194,71.73725270995126,0.5065430004129579,166,161,190,13,15
team-fiu,FIU,CUSA,0.011,0,89.63649838725601,89.62181005385199,74.57648064431207,0.5004711518980562,167,215,111,17,10
team-tulsa,Tulsa,Amer,-0.051,0,90.97986656147447,91.05170473486135,71.35242005812817,0.4977307964797244,168,194,138,18,10
team-uc-davis,UC Davis,BW,-0.055,0,94.95044447821502,95.03038655807467,69.02831106103041,0.4975804748517156,169,132,225,21,8
team-holy-cross,Holy Cross,Pat,-0.157,0,86.64592694451528,86.87255217500588,69.13618781048196,0.4924907258123997,170,255,66,19,9
team-saint-mary-s,Saint Mary's,WCC,-0.256,0,89.54288157056095,89.94006188116857,64.50379832993893,0.48727847013483283,171,216,119,15,16
team-sam-houston-st,Sam Houston St.,CUSA,-0.451,0,87.04394802664723,87.67261574898231,71.7391520774632,0.4793219765245282,173,249,78,16,11
team-houston,Houston,B12,-0.455,0,90.22060366057106,90.84497297094941,72.89032193000274,0.4801825554137977,172,207,134,7,22
team-george-washington,George Washington,A10,-0.559,0,93.27754886089627,94.14703639021629,64.2502797937062,0.47335007485586406,174,166,207,15,16
team-bryant,Bryant,AE,-0.602,0,87.62116709947773,88.50774927645224,67.92515831317175,0.4710882012462977,176,241,95,18,11
team-maine,Maine,AE,-0.608,0,93.13135660148978,94.02760064531722,67.89367335381066,0.472492690884596,175,168,203,17,12
team-bowling-green,Bowling Green,MAC,-0.783,0,88.76724787960569,89.85958141636965,71.72136148485745,0.46489518368970767,178,230,117,16,12
team-kent-st,Kent St.,MAC,-0.82,0,94.58096587219913,95.74829602078914,70.21127747992324,0.46479194160410536,179,142,236,14,14
team-stetson,Stetson,ASun,-0.823,0,99.15977835163068,100.36859941357345,68.07312387098831,0.4652200801359731,177,92,297,19,10
team-tulane,Tulane,Amer,-1.023,0,90.13551127779357,91.60031901370101,69.86967967561445,0.4537857422467518,180,209,156,11,18
team-northern-kentucky,Northern Kentucky,Horz,-1.129,0,94.23610413859531,95.83370715158469,70.67170144637915,0.4518180829959887,181,148,237,15,16
team-utah-valley,Utah Valley,WAC,-1.305,0,87.0280480444381,88.89234181882503,70.01114621663574,0.4393627563365713,182,250,101,14,13
team-dayton,Dayton,A10,-1.551,0,96.03739124564191,98.23888699595618,70.45545227763633,0.435205881724786,183,122,268,16,13
team-stephen-f-austin,Stephen F. Austin,Slnd,-1.652,0,95.41190949171015,97.60896466997528,75.18109708476406,0.4349192595894404,184,126,263,22,9
team-morehead-st,Morehead St.,OVC,-1.771,0,90.67156956733047,93.21580602457007,69.62262225407093,0.4211036002676287,185,198,185,18,13
team-pacific,Pacific,WCC,-1.865,0,94.01282330046857,96.72886760963455,68.67338935707149,0.41884222374569097,186,154,250,11,18
team-lehigh,Lehigh,Pat,-1.985,0,97.21719582419865,100.121833017484,68.33673622403907,0.41615884597939073,187,111,293,15,12
team-albany,Albany,AE,-2.052,0,91.34329261557903,94.67666349720521,61.56649936662694,0.3983868947003613,192,188,221,14,15
team-robert-morris,Robert Morris,Horz,-2.066,0,88.80765069704661,91.88167577654353,67.21468223702809,0.40339684481976557,190,228,165,18,11
team-illinois-chicago,Illinois Chicago,MVC,-2.098,0,94.42251362238838,97.60677948211841,65.88991312006497,0.4057831807374951,188,145,262,14,15
team-south-alabama,South Alabama,SB,-2.21,0,91.01378174693464,94.17101462100291,69.98761673060449,0.4031957133388878,191,193,209,13,17
team-howard,Howard,MEAC,-2.341,0,90.82887204950532,94.14579915188199,70.57035086906942,0.39831871499380833,193,196,206,22,7
team-lamar,Lamar,Slnd,-2.465,0,89.18156485660798,92.8554815019535,67.10734477202341,0.38597697184517427,195,221,180,20,9
team-norfolk-st,Norfolk St.,MEAC,-2.472,0,83.09000818135604,86.55662291208384,71.31267312753135,0.3846032369429152,196,300,64,16,12
team-umbc,UMBC,AE,-2.513,0,86.0409202515898,89.75379637469115,67.67200537192056,0.3808730440177368,197,261,114,15,13
team-oral-roberts,Oral Roberts,Sum,-2.548,0,96.8925828418941,100.23496766604353,76.23739176583771,0.4037142790389972,189,117,296,15,14
team-njit,NJIT,AE,-2.661,0,94.74670498991716,98.54925821889826,69.9663941886701,0.3887621254532097,194,138,271,18,11
team-appalachian-st,Appalachian St.,SB,-2.783,0,90.13189341243384,94.37707644370903,65.56313856097607,0.3706854180597114,203,211,213,11,19
team-tarleton-st,Tarleton St.,WAC,-2.843,0,90.00268233732385,94.16229706546272,68.33641017422907,0.37295175386766866,200,213,208,12,16
team-elon,Elon,CAA,-2.932,0,91.8882343865748,96.11992646477863,69.29001864298695,0.3733733653674547,199,180,241,14,14
team-siu-edwardsville,SIU Edwardsville,OVC,-3.004,0,89.22129607280095,93.79461790892171,65.6768675545001,0.3601164451190639,205,220,199,15,15
team-monmouth,Monmouth,CAA,-3.06,0,88.95830557374796,93.5751611031497,66.2763373549915,0.35850294694589724,206,226,194,18,10
team-cal-st-fullerton,Cal St. Fullerton,BW,-3.062,0,89.14334526007248,93.26542304512628,74.27377276259243,0.37288893193686345,201,222,187,16,12
team-uab,UAB,Amer,-3.064,0,94.94491284674211,99.345996772419,69.61013545551849,0.3725983545009261,202,133,281,10,18
team-smu,SMU,ACC,-3.091,0,91.10919396788424,95.46238331271692,71.0113488598301,0.36894489176446865,204,191,231,9,21
team-southern-miss,Southern Miss,SB,-3.141,0,97.20218490656939,101.5778327908144,71.7903458117349,0.37604495727223347,198,112,306,15,15
team-chattanooga,Chattanooga,SC,-3.268,0,89.44811315670023,94.36019434513237,66.52476497189222,0.35096574283976356,208,217,212,18,9
team-jacksonville-st,Jacksonville St.,CUSA,-3.308,0,90.48194259220588,95.60245434503408,64.60114865947469,0.34681832999778023,212,200,233,14,15
team-alabama-a-m,Alabama A&M,SWAC,-3.426,0,82.34622919752886,87.41417476348994,67.5927889978344,0.33473750264423,219,309,75,20,9
team-sacramento-st,Sacramento St.,BSky,-3.455,0,87.06276362034195,92.22830862418851,66.88681867573266,0.3401030228161559,214,248,168,14,17
team-binghamton,Binghamton,AE,-3.471,0,94.66164375975816,99.84536413154086,66.96658111381001,0.3513505419619361,207,140,287,18,11
team-st-bonaventure,St. Bonaventure,A10,-3.486,0,88.25203991144721,93.33033889860516,68.63536351060789,0.3444768271938096,213,236,189,16,14
team-washington-st,Washington St.,WCC,-3.538,0,93.81184915556474,98.98728504759845,68.35998019689706,0.35033825186964396,211,156,276,7,24
team-nevada,Nevada,MWC,-3.568,0,87.24155489653756,92.5836536871912,66.78954816440172,0.33548814237792207,217,246,174,10,20
team-ut-arlington,UT Arlington,WAC,-3.614,0,83.91884758803529,88.92345682215095,72.22207875251442,0.33936037000164304,215,293,102,10,18
team-loyola-chicago,Loyola Chicago,A10,-3.642,0,85.92361830994271,91.38590605012101,66.6818538075565,0.3298697937609831,223,265,150,13,16
team-st-thomas,St. Thomas,Sum,-3.673,0,90.4305055427534,95.98230975334134,66.1538372200637,0.3351026513378775,218,203,239,15,15
team-eastern-washington,Eastern Washington,BSky,-3.686,0,92.35240378419039,97.44085803546155,72.43701961648257,0.3505119687341594,210,176,258,14,17
team-radford,Radford,BSth,-3.691,0,86.50154069533366,91.79350623016167,69.74486143700055,0.33562276358970566,216,257,162,20,11
team-boston-college,Boston College,ACC,-3.723,0,96.481122789924,101.78904349645688,70.1360767147797,0.3507182285469322,209,118,310,5,26
team-northwestern-st,Northwestern St.,Slnd,-3.814,0,87.12181039577494,92.84421286920141,66.64525934535912,0.32484798443605917,224,247,179,17,13
team-ut-rio-grande-valley,UT Rio Grande Valley,Slnd,-3.857,0,91.27386934886536,96.92510453838489,68.25156967649548,0.3338437346834923,220,189,252,19,12
team-wyoming,Wyoming,MWC,-3.859,0,85.93187803638281,91.85284349288442,65.16833689089076,0.3172847165252235,227,264,164,10,19
team-memphis,Memphis,Amer,-3.949,0,82.937979028757,88.15547267943214,75.69584492696151,0.33145705492817273,222,302,86,9,20
team-eastern-michigan,Eastern Michigan,MAC,-4.018,0,94.09397161284865,99.93845204673872,68.74569492036944,0.333366893269263,221,151,290,12,15
team-air-force,Air Force,MWC,-4.117,0,88.03128229876137,94.08132661105796,68.04410629608856,0.3176972565095225,226,239,204,13,17
team-uc-riverside,UC Riverside,BW,-4.32,0,89.88038356415873,96.17823726744501,68.60209292106305,0.31457446913878984,228,214,243,10,19
team-wofford,Wofford,SC,-4.327,0,91.05377320440473,97.52361853084004,66.87844805114098,0.3122953781346718,229,192,259,16,12
team-campbell,Campbell,CAA,-4.349,0,86.00168614098047,92.75015903280016,64.44325487653707,0.2955167766697006,232,262,177,18,11
team-utah-tech,Utah Tech,WAC,-4.487,0,86.10462240230865,92.39572365338162,71.31706604758442,0.30768758134351465,231,260,169,9,18
team-saint-louis,Saint Louis,A10,-4.522,0,85.4568771492774,91.66564609972875,72.82963481963654,0.3086236905781451,230,272,159,11,20
team-william-mary,William & Mary,CAA,-4.581,0,84.58752332690264,91.25450845341547,68.71329955712726,0.29474379750586516,234,286,145,14,13
team-drake,Drake,MVC,-4.651,0,96.09571675396543,102.63142666912469,71.15601394276656,0.31936454921004126,225,121,320,10,18
team-east-tennessee-st,East Tennessee St.,SC,-4.788,0,84.63622350094114,92.07566207673045,64.36368066725512,0.2751086844703896,242,285,167,17,12
team-duquesne,Duquesne,A10,-4.855,0,86.784781789921,93.61120257822925,71.11545882011626,0.2950949429209234,233,253,197,11,18
team-southern,Southern,SWAC,-4.916,0,83.23574050207355,90.34277769104531,69.17076460894113,0.2804473180706176,241,298,124,16,12
team-north-alabama,North Alabama,ASun,-5.053,0,87.34913018956038,94.63616311772518,69.34021765044461,0.2846613417237415,239,245,220,17,13
team-tennessee-tech,Tennessee Tech,OVC,-5.054,0,91.85881023265424,99.26903521320688,68.20937339628429,0.290659930895404,236,181,279,15,14
team-florida-atlantic,Florida Atlantic,Amer,-5.241,0,88.01927987239424,95.50452299098339,70.01486876755462,0.2811824411399022,240,240,232,13,16
team-southeast-missouri-st,Southeast Missouri St.,OVC,-5.292,0,89.02557205159059,96.35180387624038,72.23259529568622,0.28711274292317124,237,224,244,12,17
team-west-georgia,West Georgia,ASun,-5.313,0,94.55833123890164,102.09133528963419,70.52596439567294,0.29286995156302964,235,143,313,18,12
team-little-rock,Little Rock,OVC,-5.361,0,86.43198009472296,94.33124297469116,67.86241372767252,0.2678165091158652,243,258,211,15,15
team-stony-brook,Stony Brook,CAA,-5.363,0,86.74842634239926,94.99530701693591,65.02688493907064,0.26030672910345487,245,254,223,17,12
team-merrimack,Merrimack,MAAC,-5.407,0,90.14647412214723,97.65075398419859,72.05443601824965,0.2850480203122478,238,208,264,18,11
team-kennesaw-st,Kennesaw St.,CUSA,-5.698,0,83.42198126799872,91.4815460746895,70.69907794850506,0.25719625244091865,246,295,151,13,15
team-vcu,VCU,A10,-5.795,0,85.16139983398517,93.47582986637457,69.69549772613716,0.2551600925854467,247,275,192,8,22
team-maryland-eastern-shore,Maryland Eastern Shore,MEAC,-6.138,0,82.9226785030007,91.55467397535827,71.10731584867565,0.24253727017086615,250,303,154,17,13
team-iu-indy,IU Indy,Horz,-6.168,0,88.41558042246575,97.11561490328624,70.90061371252126,0.25363459415687617,248,235,254,13,16
team-fordham,Fordham,A10,-6.251,0,85.2710858514273,94.28958011413671,69.31032444992938,0.23936655563204115,253,274,210,10,19
team-longwood,Longwood,BSth,-6.26,0,88.12334313584097,96.39662371103705,75.67115163728232,0.2627086029532719,244,238,245,20,9
team-tennessee-martin,Tennessee Martin,OVC,-6.299,0,87.55928540567352,97.01034983438129,66.64804626045154,0.23527379474401686,256,242,253,13,16
team-nicholls-st,Nicholls St.,Slnd,-6.368,0,85.62941010131314,94.81188712114914,69.34958363245997,0.23659137920227083,254,268,222,14,15
team-towson,Towson,CAA,-6.543,0,88.51076442006385,97.78318269598802,70.56001231110126,0.24127043989303687,252,234,265,16,12
team-pittsburgh,Pittsburgh,ACC,-6.559,0,89.33243919255747,98.65002256222843,70.3961809370368,0.24214443154088608,251,219,272,8,23
team-delaware,Delaware,CUSA,-6.563,0,86.38439424740659,95.69170489190378,70.51153833094617,0.2356401812127823,255,259,235,12,17
team-georgia-st,Georgia St.,SB,-6.681,0,92.78127876356241,102.12544405285219,71.49655318368576,0.2490836041200272,249,171,314,10,21
team-weber-st,Weber St.,BSky,-6.712,0,85.9065883531947,95.38862161615069,70.78804074582762,0.23075802408071472,257,266,229,10,21
team-lipscomb,Lipscomb,ASun,-6.813,0,81.71037956548338,91.52485844115608,69.41342303364681,0.21341870425690923,261,312,153,10,20
team-san-diego,San Diego,WCC,-6.915,0,83.0824332135964,93.22005534557348,68.2147720161895,0.21015516391417957,264,301,186,10,21
team-western-michigan,Western Michigan,MAC,-7.028,0,83.89159560994435,94.37780094940162,67.0225143948788,0.2051397000950118,265,294,214,9,18
team-furman,Furman,SC,-7.172,0,84.15788095854995,93.97874827943645,73.03270522069062,0.21937672678970563,260,290,202,17,12
team-texas-st,Texas St.,SB,-7.203,0,84.38399115448244,94.62464849333048,70.34109175039177,0.21128229233004278,263,288,218,11,18
team-oakland,Oakland,Horz,-7.358,0,92.63360040431206,103.33377673658812,68.76768958947848,0.22147485314471502,259,174,325,10,20
team-southern-illinois,Southern Illinois,MVC,-7.527,0,89.0876892276342,99.79060511231852,70.32370883303025,0.21337370507368647,262,223,285,9,19
team-wichita-st,Wichita St.,Amer,-7.532,0,86.55618436544992,97.58588136675709,68.29012419742268,0.20112151827573996,268,256,261,8,22
team-northern-arizona,Northern Arizona,BSky,-7.61,0,90.83282309123169,101.1497952042335,73.76243975770288,0.22492530170932237,258,195,303,10,21
team-umkc,UMKC,Sum,-7.662,0,90.32321386309931,101.68891905375727,67.41080859889445,0.20374924103235278,267,206,307,7,22
team-montana,Montana,BSky,-7.666,0,90.33782519691438,101.69371176004087,67.51000233390849,0.20396317979952386,266,205,308,8,21
team-mercer,Mercer,SC,-7.817,0,88.13568122631342,99.39971161678602,69.40140138292945,0.20050755398018616,269,237,282,17,12
team-unc-greensboro,UNC Greensboro,SC,-7.89,0,83.28612601342212,95.39700852369603,65.14488466708207,0.17346014745957153,274,297,230,14,15
team-yale,Yale,Ivy,-8.016,0,85.11247979980615,96.50698704502986,70.35108368437382,0.19079079394026935,272,277,248,7,19
team-denver,Denver,Sum,-8.23,0,84.06800030666973,96.15206120205164,68.109466163262,0.1758811214557377,273,291,242,11,18
team-evansville,Evansville,MVC,-8.341,0,90.08960993151324,101.7077293740063,71.79514408779634,0.19862151032578254,270,212,309,7,22
team-cornell,Cornell,Ivy,-8.386,0,85.62975371424602,98.97460339799028,62.838731876953105,0.15901832276993205,279,267,275,8,18
team-incarnate-word,Incarnate Word,Slnd,-8.614,0,93.98015384770684,106.43713763611117,69.14895907572715,0.19287821048703088,271,155,341,13,16
team-hofstra,Hofstra,CAA,-8.743,0,80.5542235301315,93.82138289004186,65.90296122802697,0.14762945614564205,288,324,200,7,20
team-north-florida,North Florida,ASun,-8.851,0,84.887260638692,97.27099579922577,71.47562551068258,0.17278258712390962,275,280,255,9,21
team-loyola-md,Loyola MD,Pat,-8.888,0,85.33525400604013,99.24798636375343,63.881990629115904,0.14970831374108987,287,273,278,12,16
team-samford,Samford,SC,-8.949,0,88.54467024903869,102.02091131003974,66.4030638816036,0.16393830139630047,277,233,312,13,18
team-western-kentucky,Western Kentucky,CUSA,-9.014,0,86.78511156853239,100.38789840003163,66.26600804303531,0.15782836024835514,282,252,299,8,19
team-north-carolina-a-t,North Carolina A&T,CAA,-9.095,0,85.52837152396839,98.68769899188885,69.11169238908778,0.161678781878083,278,271,274,11,16
team-iona,Iona,MAAC,-9.224,0,84.68832997561216,98.43127360395646,67.11542583352448,0.15066705815403925,286,284,270,19,11
team-liu,LIU,NEC,-9.247,0,87.55136318220431,100.68916560640439,70.38619236536721,0.1668880771511339,276,243,301,18,10
team-cal-st-northridge,Cal St. Northridge,BW,-9.442,0,81.68553941302959,94.57264227260589,73.26755684959043,0.15648079536985504,284,313,216,9,18
team-cal-st-bakersfield,Cal St. Bakersfield,BW,-9.45,0,85.06170811709525,98.32968601124193,71.22398992528764,0.15883611627900815,280,278,269,7,21
team-wright-st,Wright St.,Horz,-9.604,0,88.62672498237819,102.60343948009469,68.7154370445265,0.15656163280849794,283,232,317,10,21
team-utep,UTEP,CUSA,-9.892,0,88.96683120124149,102.86396564370747,71.17674251566964,0.15853708163547126,281,225,321,13,14
team-utah-st,Utah St.,MWC,-9.902,0,85.61348631198146,99.88652414220314,69.37291393461882,0.14514389055738675,289,270,288,6,23
team-new-hampshire,New Hampshire,AE,-9.935,0,80.70477425039093,95.65224663633022,66.4638022771894,0.12410734448650478,297,323,234,10,19
team-bucknell,Bucknell,Pat,-10.039,0,79.66502071681651,95.26142566845488,64.36502644100607,0.11343392731675953,303,331,226,11,17
team-coppin-st,Coppin St.,MEAC,-10.238,0,79.48023484112414,93.5592313598863,72.71872019861708,0.13290740717488075,291,332,193,9,21
team-northern-illinois,Northern Illinois,MAC,-10.294,0,84.88054202251541,100.41732513319127,66.25672353139967,0.12641519266368223,296,282,300,6,22
team-manhattan,Manhattan,MAAC,-10.378,0,82.65537611442358,97.43773816999621,70.20428462413426,0.1310009102900223,293,305,257,10,19
team-east-texas-a-m,East Texas A&M,Slnd,-10.468,0,84.87596849547619,99.96247672995005,69.3835601203562,0.13222302141908132,292,283,291,13,16
team-lafayette,Lafayette,Pat,-10.507,0,86.84509391016331,102.62373562516349,66.58824113294985,0.12787859272913832,295,251,319,10,18
team-sacred-heart,Sacred Heart,MAAC,-10.668,0,84.01999000607938,100.15781092022142,66.10441391355289,0.11707127905372647,301,292,294,12,17
team-mount-st-mary-s,Mount St. Mary's,MAAC,-10.712,0,81.44401177587702,96.5496361522339,70.9144076836825,0.12383260974665165,298,318,249,15,14
team-siena,Siena,MAAC,-10.753,0,85.61785242890655,100.08212966448025,74.33872670062998,0.1424462322548143,290,269,292,13,16
team-new-mexico-st,New Mexico St.,CUSA,-10.816,0,80.09425712541467,95.269953103462,71.27087294986235,0.11969004120659375,300,329,227,9,19
team-boston-university,Boston University,Pat,-11.079,0,90.13540335511816,107.71488208288841,63.02114299191467,0.11415250995553913,302,210,348,10,18
team-northeastern,Northeastern,CAA,-11.221,0,87.44110156719778,103.83528701702716,68.4423825643285,0.12172825941740635,299,244,327,7,20
team-marist,Marist,MAAC,-11.319,0,83.15399111519382,99.83008283343383,67.87579655353422,0.10891066718057248,304,299,286,11,19
team-indiana-st,Indiana St.,MVC,-11.439,0,93.60871295014508,108.51973091794562,76.71796749307158,0.1544916188499542,285,159,353,9,20
team-alcorn-st,Alcorn St.,SWAC,-11.512,0,75.98094622517088,93.11191731159488,67.20174007099423,0.08801027348595507,310,352,182,17,11
team-akron,Akron,MAC,-11.938,0,90.53967296329904,106.98504634712188,72.59016541250219,0.12793285998102877,294,199,343,7,22
team-milwaukee,Milwaukee,Horz,-12.278,0,85.96049790888932,104.09206547203837,67.71391470191216,0.09966424964489523,307,263,329,8,24
team-dartmouth,Dartmouth,Ivy,-12.379,0,84.4330416893066,103.48128340710905,64.98613693635689,0.0879066109517226,311,287,326,10,16
team-winthrop,Winthrop,BSth,-12.458,0,84.95150276938045,102.37400768925474,71.50807230194437,0.1047664000942127,306,279,315,14,16
team-houston-christian,Houston Christian,Slnd,-12.551,0,78.23253312977567,96.49819572293399,68.71098294377764,0.08217577536860957,318,343,247,8,21
team-portland-st,Portland St.,BSky,-12.612,0,88.78055450414348,106.89350163027191,69.63164795086502,0.10572689671102077,305,229,342,6,24
team-eastern-illinois,Eastern Illinois,OVC,-12.667,0,81.5016723123191,99.71963124202992,69.52867585210258,0.08948016139119716,309,317,284,4,27
team-alabama-st,Alabama St.,SWAC,-12.972,0,78.25563660115672,96.00112151282272,73.09754681789009,0.08703726859829246,312,342,240,15,13
team-grambling-st,Grambling St.,SWAC,-13.083,0,78.72562985526065,96.78473343662007,72.44670822894999,0.08510015290639684,314,337,251,12,18
team-san-jose-st,San Jose St.,MWC,-13.236,0,79.21799113809305,97.41475904546876,72.7367385540781,0.08487318897588599,315,334,256,4,27
team-detroit-mercy,Detroit Mercy,Horz,-13.36,0,85.15728439155691,103.9225698315352,71.19663562563323,0.091939460904587,308,276,328,7,23
team-north-dakota,North Dakota,Sum,-13.54,0,82.60103687363696,101.36561075321774,72.15790207624485,0.08673377662409877,313,307,305,7,23
team-louisiana,Louisiana,SB,-13.576,0,81.09100786255252,100.37803470417188,70.38694437667857,0.07916327358235117,319,321,298,5,25
team-wagner,Wagner,NEC,-13.65,0,73.10564682027098,92.56290746001625,70.15404143634998,0.062163760530200125,327,358,172,13,15
team-queens,Queens,ASun,-13.737,0,80.24547168571792,99.93706587776416,69.76307520404838,0.07421480289570592,321,328,289,10,20
team-unc-asheville,UNC Asheville,BSth,-13.743,0,78.07398106302945,97.85039713082818,69.49318939274056,0.0693637980615826,324,344,266,12,17
team-colgate,Colgate,Pat,-13.867,0,78.5278521805943,99.3174870719252,66.7035830180164,0.06291523717663142,325,340,280,6,22
team-tennessee-st,Tennessee St.,OVC,-13.894,0,81.505315561379,100.23068159471552,74.19650457091298,0.08484478050560029,316,316,295,5,24
team-jackson-st,Jackson St.,SWAC,-14.188,0,78.58625832703942,99.66344022551777,67.31611669319037,0.06108700439226546,328,339,283,12,17
team-gardner-webb,Gardner Webb,BSth,-14.236,0,77.74685897324754,99.14485776799864,66.53056660753313,0.05754482486373629,331,345,277,12,18
team-long-beach-st,Long Beach St.,BW,-14.459,0,83.35404768158278,104.18616607711505,69.40754781102676,0.07139569430052185,323,296,330,5,23
team-buffalo,Buffalo,MAC,-14.596,0,80.72201666289773,100.83027706211982,72.58596335197538,0.07189660028306898,322,322,302,3,25
team-mercyhurst,Mercyhurst,NEC,-14.63,0,91.9152639581892,113.32313171325438,68.33984265514034,0.0825778439068228,317,179,362,13,15
team-rider,Rider,MAAC,-14.663,0,76.59325150529833,98.66906824124723,66.42243357034913,0.051538156104754096,335,351,273,7,22
team-seattle,Seattle,WCC,-14.777,0,84.23467071344298,104.72823466171232,72.1069707667761,0.07555974652630405,320,289,333,5,24
team-hampton,Hampton,CAA,-14.822,0,82.79114852268958,104.74099587115408,67.52451080609592,0.06271136441532746,326,304,334,10,18
team-american,American,Pat,-14.908,0,81.1710392351929,103.0891544653164,68.01530746319469,0.06014822898461224,329,320,324,6,22
team-north-carolina-central,North Carolina Central,MEAC,-15.567,0,75.04457626601388,95.34748486401827,76.6715654939143,0.05988224064427622,330,354,228,8,19
team-texas-a-m-corpus-chris,Texas A&M Corpus Chris,Slnd,-15.675,0,78.68771547431662,101.95755487228197,67.35986160689703,0.04836984888362188,337,338,311,6,23
team-cal-poly,Cal Poly,BW,-15.832,0,80.31897540816134,102.94032377909264,69.98586239187064,0.05449291385010614,334,327,323,3,25
team-southeastern-louisiana,Southeastern Louisiana,Slnd,-15.876,0,84.88440774098072,108.55613860429023,67.0673352327583,0.05579095797773227,332,281,354,5,24
team-unc-wilmington,UNC Wilmington,CAA,-16.035,0,82.3765432691079,105.39443174914993,69.66373754680036,0.055529796246182116,333,308,335,6,21
team-stonehill,Stonehill,NEC,-16.142,0,81.89266191515478,105.88432269412192,67.27975712485818,0.04951085220038126,336,311,338,11,17
team-saint-peter-s,Saint Peter's,MAAC,-16.201,0,77.72802146086605,102.50614343950886,65.38541288725332,0.03984379141241533,342,346,316,7,22
team-usc-upstate,USC Upstate,BSth,-16.269,0,77.13722011245198,101.3580468029532,67.16795806330478,0.04147346053435253,341,349,304,11,19
team-new-haven,New Haven,NEC,-16.735,0,79.68591938265467,105.49367402491053,64.8445300657572,0.03818357976142962,344,330,336,7,21
team-canisius,Canisius,MAAC,-17.104,0,77.67800523614318,102.93339747206403,67.72483522401258,0.037783568487463726,345,347,322,5,24
team-delaware-st,Delaware St.,MEAC,-17.234,0,77.5186019971136,102.60558961094125,68.69602742846364,0.03826120280632615,343,348,318,7,21
team-nebraska-omaha,Nebraska Omaha,Sum,-17.38,0,80.48158746934041,105.73028217668019,68.83420786599727,0.0415697722269669,340,325,337,5,26
team-charleston-southern,Charleston Southern,BSth,-17.919,0,82.63857391878844,108.46490866075736,69.381169069383,0.04199000908288187,339,306,352,8,21
team-umass-lowell,UMass Lowell,AE,-18.128,0,81.39107390434948,109.01277220734973,65.62787030515288,0.03355970015178221,348,319,356,8,21
team-arkansas-pine-bluff,Arkansas Pine Bluff,SWAC,-18.362,0,81.65521789834517,108.34667767201708,68.79280268032257,0.03723540315854344,346,314,351,12,15
team-chicago-st,Chicago St.,NEC,-18.398,0,81.92606485980936,107.07545296977804,73.15372042596951,0.04399275811394284,338,310,345,9,21
team-morgan-st,Morgan St.,MEAC,-18.886,0,81.58425041989912,109.28024470375166,68.19103098364774,0.03352988927593821,349,315,358,4,25
team-florida-a-m,Florida A&M,SWAC,-19.166,0,80.36115412918369,107.49178412544316,70.64379027843441,0.03405399990588809,347,326,346,7,21
team-western-carolina,Western Carolina,SC,-19.274,0,76.6246885492326,104.46670338204818,69.2279923512647,0.02753398081453947,351,350,331,3,25
team-bethune-cookman,Bethune Cookman,SWAC,-19.291,0,78.50936157547928,107.02081909389975,67.66193204974077,0.027578217561906943,350,341,344,6,24
team-le-moyne,Le Moyne,NEC,-20.098,0,79.27444844455752,109.37179057425344,66.77760663843878,0.0241004984802947,354,333,359,11,19
team-new-orleans,New Orleans,Slnd,-21.908,0,78.88172049302912,107.61529175272626,76.2449746735351,0.027330204459230373,352,336,347,3,27
team-texas-southern,Texas Southern,SWAC,-21.937,0,79.15353499055327,109.05829323506217,73.35641540453543,0.02446671729071131,353,335,357,9,20
team-valparaiso,Valparaiso,MVC,-22.751,0,73.78925491448842,104.48655922507939,74.11339840455884,0.017982303815223036,355,357,332,0,29
team-saint-francis,Saint Francis,NEC,-23.893,0,75.38460606109251,108.90049186349916,71.29005654333679,0.014342783148788162,357,353,355,3,25
team-mississippi-valley-st,Mississippi Valley St.,SWAC,-25.229,0,74.82950113887301,107.88125425640467,76.3306325698728,0.014673678783723243,356,355,350,6,22
team-south-carolina-st,South Carolina St.,MEAC,-26.112,0,69.80651156890005,106.30376179895225,71.54556456753137,0.00787157916386702,360,362,340,5,23
team-central-connecticut,Central Connecticut,NEC,-26.115,0,74.59863477098637,111.59149756072713,70.5948811728305,0.009647993075888964,358,356,360,1,27
team-niagara,Niagara,MAAC,-26.282,0,70.79559760930024,106.04544724845226,74.56008666849274,0.00950096315932763,359,361,339,1,28
team-presbyterian,Presbyterian,BSth,-28.172,0,72.64720442638128,113.07955478411019,69.6764707654965,0.006129572143892261,361,359,361,3,26
team-prairie-view-a-m,Prairie View A&M,SWAC,-28.605,0,69.04539735887917,107.74657962117195,73.91220301490077,0.0059540943221639085,362,363,349,2,26
team-bellarmine,Bellarmine,ASun,-30.682,0,72.10957076607085,115.90003553334859,70.06646397244552,0.004247260853264709,363,360,363,2,30
