teamId,teamName,conference,powerRating,hca,hca_note,adjO,adjD,tempo,barthag,torvikRank,torvikOeRank,torvikDeRank,wins,losses
team-michigan,Michigan,B10,25.793,3.1,from True HF Edge chart (2022-25),128.92533886624,92.54973778624235,70.90744569914331,0.9783762808245062,1,4,4,34,3
team-arizona,Arizona,B12,25.244,4.3,from True HF Edge chart (2022-25),127.99180576708339,91.930464349505,70.00406622784479,0.9782412090590664,2,6,2,35,2
team-houston,Houston,B12,20.776,4.6,from True HF Edge chart (2022-25),124.75404717953556,91.90385690860916,63.245175115218686,0.9710951081497976,5,15,1,30,7
team-florida,Florida,SEC,23.61,3.7,from True HF Edge chart (2022-25),126.89909872677765,93.25485154639753,70.17537038059356,0.9718771272436127,4,10,6,27,8
team-illinois,Illinois,B10,22.785,3.2,from True HF Edge chart (2022-25),132.46259762970766,97.73936953853502,65.61893645455227,0.9705723900946369,6,2,20,27,8
team-duke,Duke,ACC,23.293,3.1,from True HF Edge chart (2022-25),127.74950327536789,92.33591866849221,65.77545342672136,0.9766455995962373,3,8,3,35,2
team-iowa-st,Iowa St.,B12,20.487,4.5,from True HF Edge chart (2022-25),123.57640172260062,93.13993421838478,67.31034993094914,0.9627341720322671,7,25,5,29,8
team-connecticut,Connecticut,BE,18.416,3.4,from True HF Edge chart (2022-25),123.39727765393128,94.92631887264054,64.68442234616928,0.9533158948746047,9,26,13,32,5
team-purdue,Purdue,B10,21.049,3.7,from True HF Edge chart (2022-25),133.62698298804457,100.9587944604525,64.43199293547156,0.9617240993819498,8,1,36,30,8
team-nebraska,Nebraska,B10,16.215,3.7,from True HF Edge chart (2022-25),118.30858657010603,93.94022590808513,66.5411634425193,0.9341546479351075,16,53,8,28,7
team-kansas,Kansas,B12,15.511,2.6,from True HF Edge chart (2022-25),117.0425285242871,94.13479090976858,67.71063985901452,0.9244784073105626,22,66,9,24,11
team-vanderbilt,Vanderbilt,SEC,19.005,2.9,from True HF Edge chart (2022-25),127.9510869692632,100.32039377489848,68.78299214970079,0.9425519048056192,13,7,33,27,9
team-louisville,Louisville,ACC,17.333,2.4,from True HF Edge chart (2022-25),123.614137296922,98.751494995494,69.71550909881347,0.929721640740337,19,24,24,24,11
team-michigan-st,Michigan St.,B10,17.846,3.3,from True HF Edge chart (2022-25),123.13660670261578,96.16827676645647,66.17502674808064,0.9449422126115681,12,27,14,27,8
team-virginia,Virginia,ACC,16.445,2.8,from True HF Edge chart (2022-25),122.64167731214908,97.5950368909408,65.65797964674111,0.9325831362910966,18,30,19,30,6
team-texas-tech,Texas Tech,B12,17.156,3.3,from True HF Edge chart (2022-25),125.9276248423222,100.01333552691247,66.20420810981565,0.933989029262678,17,11,29,23,11
team-tennessee,Tennessee,SEC,18.048,4.2,from True HF Edge chart (2022-25),122.42049475878662,94.79630026377369,65.33470873399153,0.9498321677640937,11,31,12,25,11
team-gonzaga,Gonzaga,WCC,17.049,3.4,from True HF Edge chart (2022-25),119.50626684429906,94.70043236622118,68.73075326459626,0.9355640458508151,15,45,11,31,4
team-alabama,Alabama,SEC,20.463,5.0,from True HF Edge chart (2022-25),130.45415312963496,102.35993458821174,72.8381566529651,0.9420814744857119,14,3,56,25,10
team-iowa,Iowa,B10,14.771,3.5,from True HF Edge chart (2022-25),124.66001178579717,101.08468805239352,62.65639790779572,0.9176442753676918,23,16,38,24,12
team-st-johns,St. John's,BE,19.037,3.1,from True HF Edge chart (2022-25),121.28904145050802,93.87050090943703,69.43254285372063,0.950121190783825,10,33,7,30,7
team-clemson,Clemson,ACC,11.702,3.7,from True HF Edge chart (2022-25),116.67231160944621,98.4229396989688,64.12413089869155,0.8761098805848637,35,71,23,24,11
team-saint-louis,Saint Louis,A10,12.853,2.5,from True HF Edge chart (2022-25),120.45775899766232,102.36389240328438,71.03476292427402,0.8666662678354975,40,38,57,29,6
team-indiana,Indiana,B10,13.088,2.7,from True HF Edge chart (2022-25),121.97275846218412,102.22595399451987,66.27878434644731,0.8840177003250537,31,32,55,18,14
team-arkansas,Arkansas,SEC,18.378,2.9,from True HF Edge chart (2022-25),128.45861106184802,102.69632674394558,71.3375779690872,0.9291726746955863,20,5,64,28,9
team-north-carolina,North Carolina,ACC,13.943,3.0,default HCA=2.0 (no True HF Edge in chart),120.64116992458159,100.13455503138886,67.99199164186463,0.8949673849752711,27,37,31,24,9
team-texas-aandm,Texas A&M,SEC,12.895,3.6,from True HF Edge chart (2022-25),119.56680715142016,101.33182526117646,70.71737562671723,0.8702261178515405,39,44,41,22,12
team-n-c-state,N.C. State,ACC,12.628,3.0,from True HF Edge chart (2022-25),122.97142565479393,104.70001106889418,69.11136376493657,0.8641044550714323,42,28,85,20,14
team-utah-st,Utah St.,MWC,14.276,3.5,from True HF Edge chart (2022-25),123.73040699302351,102.57483502053788,67.48033787110808,0.8962646658498158,26,23,62,29,7
team-auburn,Auburn,SEC,12.213,3.7,from True HF Edge chart (2022-25),124.86517264338883,106.75754154683793,67.44456101027234,0.8583622849451963,43,14,126,20,16
team-byu,BYU,B12,13.548,4.2,from True HF Edge chart (2022-25),124.1644210820904,104.74451458685442,69.76491489944176,0.876093811364631,36,19,88,23,12
team-villanova,Villanova,BE,12.352,3.1,from True HF Edge chart (2022-25),119.97150158142827,100.99408997760024,65.08624510691722,0.8787036123769486,34,42,37,24,9
team-saint-marys,Saint Mary's,WCC,12.928,3.0,default HCA=2.0 (no True HF Edge in chart),117.98178774061566,98.10582861824386,65.04260625617775,0.8929811182111017,28,57,22,27,6
team-smu,SMU,ACC,11.233,2.9,from True HF Edge chart (2022-25),122.74962209281648,106.36016086460498,68.53592554366317,0.8386380874636135,48,29,117,20,14
team-santa-clara,Santa Clara,WCC,14.061,3.0,from True HF Edge chart (2022-25),125.03612058221077,104.72099747635633,69.21473339955487,0.8848298386432731,30,13,87,26,9
team-wisconsin,Wisconsin,B10,17.139,3.1,from True HF Edge chart (2022-25),126.93794166573093,102.03009213352809,68.80956566937252,0.9249753992808232,21,9,50,24,11
team-san-diego-st,San Diego St.,MWC,10.914,2.8,from True HF Edge chart (2022-25),112.58819485481763,96.69527501594868,68.67155499793908,0.8519505054936102,44,111,16,22,11
team-ucla,UCLA,B10,14.532,3.1,from True HF Edge chart (2022-25),123.95840742094073,101.55119281481205,64.85351445792453,0.9082877345118126,25,20,46,24,12
team-ohio-st,Ohio St.,B10,15.125,3.2,from True HF Edge chart (2022-25),124.58042501539745,101.70484518642313,66.12007339889394,0.9115799296645959,24,17,47,21,13
team-kentucky,Kentucky,SEC,13.58,3.0,from True HF Edge chart (2022-25),120.00884153808823,100.12452240354294,68.29724000000542,0.8892629023918803,29,41,30,22,14
team-georgia,Georgia,SEC,13.336,3.1,from True HF Edge chart (2022-25),123.95283401684378,105.48560973603378,72.21554238921826,0.8647429979672338,41,21,100,22,11
team-texas,Texas,SEC,12.722,3.6,from True HF Edge chart (2022-25),124.19988565032153,105.13575242270419,66.73042134548677,0.8717317878794738,38,18,94,21,15
team-washington,Washington,B10,9.568,2.4,from True HF Edge chart (2022-25),116.79147261256321,102.53698118655251,67.12326725892626,0.8171139290872995,55,69,61,16,17
team-new-mexico,New Mexico,MWC,10.967,3.2,from True HF Edge chart (2022-25),117.74628533042038,102.05932948023653,69.91337351625832,0.8381118113900555,49,60,51,26,10
team-miami-fl,Miami FL,ACC,13.267,3.0,default HCA=2.0 (no True HF Edge in chart),120.9002381513836,101.38071412402675,67.96704418375538,0.8833921667182177,33,36,42,26,9
team-cincinnati,Cincinnati,B12,12.317,3.6,from True HF Edge chart (2022-25),112.41447599959952,94.2263664360359,67.71961741213705,0.8838767805624221,32,112,10,18,15
team-usc,USC,B10,8.194,2.7,from True HF Edge chart (2022-25),113.49126850707978,101.91980188199905,70.81404977069715,0.7749901342531408,69,96,49,18,14
team-baylor,Baylor,B12,11.243,4.1,from True HF Edge chart (2022-25),123.85637378244041,107.2970725703176,67.89432170820969,0.8389578581184021,47,22,136,16,16
team-missouri,Missouri,SEC,10.916,2.6,from True HF Edge chart (2022-25),119.87045070296683,103.44200395772292,66.44326660118257,0.8448943980979708,45,43,71,20,13
team-grand-canyon,Grand Canyon,MWC,9.263,3.0,from True HF Edge chart (2022-25),111.48470350460511,97.87788033290282,68.07491603927446,0.8171144049876338,54,124,21,20,12
team-ucf,UCF,B12,9.482,3.8,from True HF Edge chart (2022-25),119.44203364924294,105.75763358907349,69.2888572852341,0.8020781131681849,59,46,104,21,12
team-boise-st,Boise St.,MWC,9.54,4.4,from True HF Edge chart (2022-25),118.3655714875261,103.86512730374784,65.79003682111556,0.8180027293712154,53,52,78,20,12
team-nevada,Nevada,MWC,6.892,3.6,from True HF Edge chart (2022-25),114.2545074220204,103.81233543925703,65.99961259417817,0.7506725245487008,80,91,76,24,13
team-minnesota,Minnesota,B10,8.545,2.8,from True HF Edge chart (2022-25),116.08637377270702,102.463343697153,62.72811150677952,0.8077627555669666,58,73,59,15,17
team-tulsa,Tulsa,Amer,9.079,2.8,from True HF Edge chart (2022-25),120.93310176933149,107.56829071665447,67.92954715673854,0.793603267992249,60,35,143,29,7
team-west-virginia,West Virginia,B12,7.182,3.0,default HCA=2.0 (no True HF Edge in chart),108.55672744292079,97.07103275445272,62.52838277410656,0.7834767448199257,65,178,18,18,14
team-lsu,LSU,SEC,8.143,2.1,from True HF Edge chart (2022-25),119.24356240122825,107.03465431964008,66.69699046272231,0.7759429227789887,66,48,130,15,17
team-vcu,VCU,A10,11.052,3.0,default HCA=2.0 (no True HF Edge in chart),118.46183487116701,102.36518777725857,68.657554482963,0.8428393323646192,46,50,58,28,8
team-seton-hall,Seton Hall,BE,8.421,3.1,from True HF Edge chart (2022-25),109.31501096460963,96.40329379732596,65.21737183090187,0.8093008344550359,56,164,15,21,12
team-tcu,TCU,B12,10.257,3.2,from True HF Edge chart (2022-25),114.59747561982616,99.4169674629172,67.56863514658976,0.8367420332723667,51,87,27,23,12
team-oklahoma,Oklahoma,SEC,12.935,2.6,from True HF Edge chart (2022-25),125.66103184289214,106.14099123901838,66.26449255921818,0.874508834265368,37,12,114,19,15
team-virginia-tech,Virginia Tech,ACC,9.299,3.4,from True HF Edge chart (2022-25),117.59249975301626,103.76687911991377,67.25617459482565,0.8082070429907461,57,62,74,19,13
team-syracuse,Syracuse,ACC,6.558,2.6,from True HF Edge chart (2022-25),114.95933242559342,105.23517333752221,67.4376493057514,0.73426680822123,84,82,98,15,17
team-providence,Providence,BE,8.464,3.2,from True HF Edge chart (2022-25),121.03276666834282,109.17823786845983,71.39545207688698,0.7659200092834519,71,34,179,15,18
team-akron,Akron,MAC,8.076,3.7,from True HF Edge chart (2022-25),117.93180515886132,106.43211825970891,70.22588196455916,0.76492804534098,72,59,119,29,6
team-california,California,ACC,7.524,2.5,from True HF Edge chart (2022-25),114.43898484082374,103.36988199048051,67.97708521224642,0.7631221995605807,73,88,69,22,12
team-stanford,Stanford,ACC,8.595,3.6,from True HF Edge chart (2022-25),116.99298577586899,104.17473851180063,67.05658657255226,0.7915856011582423,62,67,80,20,12
team-south-florida,South Florida,Amer,11.112,3.0,default HCA=2.0 (no True HF Edge in chart),116.95226077397686,101.39734892264025,71.4379226933644,0.8377072776165699,50,68,43,25,9
team-arizona-st,Arizona St.,B12,8.593,3.1,from True HF Edge chart (2022-25),115.12707560202173,102.72305382957825,69.27631014613702,0.7876803562125818,64,79,65,17,16
team-northwestern,Northwestern,B10,8.368,3.3,from True HF Edge chart (2022-25),116.6572463256667,103.8211029693615,65.19113309520438,0.7925828269052171,61,72,77,15,19
team-oklahoma-st,Oklahoma St.,B12,7.051,2.5,from True HF Edge chart (2022-25),118.44567952438328,108.70709387051602,72.39880218241657,0.7284297074366475,86,51,166,20,15
team-wake-forest,Wake Forest,ACC,7.76,3.6,from True HF Edge chart (2022-25),117.94037587697781,106.59410738145502,68.38867951948768,0.761920254589371,75,58,123,18,17
team-belmont,Belmont,MVC,7.595,3.4,from True HF Edge chart (2022-25),120.18454268921494,109.18112355060383,69.02153702733175,0.7510523356878812,79,39,180,26,6
team-stephen-f-austin,Stephen F. Austin,Slnd,5.688,3.0,default HCA=2.0 (no True HF Edge in chart),112.800155400205,104.16277223131114,65.855004819635,0.7142516086381612,88,109,79,28,6
team-butler,Butler,BE,8.286,2.6,from True HF Edge chart (2022-25),117.56950781610792,105.55402888028425,68.95757735084604,0.7755253456535822,68,63,102,16,16
team-creighton,Creighton,BE,6.68,3.8,from True HF Edge chart (2022-25),115.12743312623297,105.21896427334909,67.41866095659401,0.7378753736352162,83,78,96,15,17
team-mississippi,Mississippi,SEC,8.244,3.0,default HCA=2.0 (no True HF Edge in chart),114.28380425924394,101.82833193257588,66.18730211469187,0.7903538491362289,63,90,48,15,20
team-georgetown,Georgetown,BE,7.219,1.8,from True HF Edge chart (2022-25),114.41219846490348,103.52150338527596,66.28205711169926,0.7595704614913904,77,89,72,16,18
team-miami-oh,Miami OH,MAC,6.468,3.0,default HCA=2.0 (no True HF Edge in chart),117.07883416398117,107.79902273584874,69.70219246245235,0.721046289184716,87,65,146,32,2
team-utah-valley,Utah Valley,WAC,5.41,4.5,from True HF Edge chart (2022-25),112.29763023205194,104.41044978814236,68.59544202264753,0.69793093021213,94,113,82,25,9
team-northern-iowa,Northern Iowa,MVC,6.578,3.0,default HCA=2.0 (no True HF Edge in chart),109.89753639180253,99.32132183697735,62.192205930831435,0.7619978472181171,74,155,26,23,13
team-george-washington,George Washington,A10,7.155,3.1,from True HF Edge chart (2022-25),117.48751702687584,107.14793172001448,69.20372404435065,0.7425757176119345,82,64,133,19,16
team-oregon,Oregon,B10,5.458,3.0,from True HF Edge chart (2022-25),112.00581070519534,103.73830201349969,66.0119753078996,0.7071976803563331,91,120,73,12,20
team-memphis,Memphis,Amer,2.173,2.1,from True HF Edge chart (2022-25),108.3395595886207,105.23508681277279,69.99770832785731,0.5828165332819596,130,185,97,13,19
team-florida-st,Florida St.,ACC,10.469,2.8,from True HF Edge chart (2022-25),119.33153158185199,104.52604967065054,70.71114672312953,0.8210381198197466,52,47,84,18,15
team-mississippi-st,Mississippi St.,SEC,4.962,2.6,from True HF Edge chart (2022-25),113.16907157744896,106.03745166576795,69.57852847211848,0.6788608028430183,100,106,110,13,19
team-hawaii,Hawaii,BW,2.906,2.5,from True HF Edge chart (2022-25),106.8083735574364,102.63935558349883,69.69444654059822,0.6125090407751087,120,212,63,24,9
team-colorado,Colorado,B12,7.376,3.4,from True HF Edge chart (2022-25),118.10373793674385,107.36077488024884,68.6594942862713,0.7496483215950281,81,55,137,17,15
team-liberty,Liberty,CUSA,3.259,3.2,from True HF Edge chart (2022-25),118.03316036044183,112.94018381368203,63.9874077306566,0.6241577520009489,117,56,259,26,8
team-mcneese-st,McNeese St.,Slnd,7.682,2.2,from True HF Edge chart (2022-25),113.7565289059684,102.12791967868111,66.05783111497833,0.775580476495021,67,95,54,28,6
team-wichita-st,Wichita St.,Amer,6.832,2.1,from True HF Edge chart (2022-25),111.69830083225824,101.4717740725878,66.81133624224012,0.7510536087968899,78,122,44,24,12
team-notre-dame,Notre Dame,ACC,4.669,2.4,from True HF Edge chart (2022-25),115.0221039170354,107.95978321012268,66.11519748222636,0.6745207406200133,101,81,149,13,18
team-illinois-st,Illinois St.,MVC,5.198,2.6,from True HF Edge chart (2022-25),109.90380926339537,102.11270645661611,66.72006456280434,0.699638298472868,93,154,53,23,12
team-davidson,Davidson,A10,4.257,2.3,from True HF Edge chart (2022-25),110.46123871847655,103.7841228936481,63.7588850707789,0.6719558198584943,103,143,75,20,14
team-yale,Yale,Ivy,5.569,4.1,from True HF Edge chart (2022-25),118.63087690365569,110.03522635296775,64.79397764139102,0.7037014857076427,92,49,195,24,7
team-xavier,Xavier,BE,5.71,3.1,from True HF Edge chart (2022-25),117.64829567854659,109.53487203344551,70.378025035854,0.6946080374556403,95,61,187,15,18
team-kansas-st,Kansas St.,B12,5.022,3.4,from True HF Edge chart (2022-25),113.0263085144515,106.12212109420331,72.73166377189438,0.6736732620669258,102,107,112,12,20
team-marquette,Marquette,BE,7.424,3.2,from True HF Edge chart (2022-25),111.9815789068154,101.26662360411805,69.28173304511992,0.7607218925027874,76,121,39,12,20
team-wyoming,Wyoming,MWC,5.116,3.4,from True HF Edge chart (2022-25),114.85979461563358,107.15384342127604,66.39282599238268,0.6896826519047473,97,85,134,18,15
team-florida-atlantic,Florida Atlantic,Amer,2.775,3.0,default HCA=2.0 (no True HF Edge in chart),109.95626235131954,105.98268903613382,69.83881716212328,0.6042677079365154,123,152,108,18,15
team-pacific,Pacific,WCC,3.565,1.2,from True HF Edge chart (2022-25),110.24080229732998,104.71021717289584,64.46653588290575,0.6438031413037166,110,145,86,18,15
team-high-point,High Point,BSth,6.765,3.4,from True HF Edge chart (2022-25),116.73459029852339,107.07455627894925,70.02804518740975,0.7297474205980963,85,70,131,31,5
team-depaul,DePaul,BE,4.608,2.2,from True HF Edge chart (2022-25),107.10302700748781,100.17304086678739,66.4945157054373,0.6833607137536194,98,207,32,16,16
team-south-carolina,South Carolina,SEC,4.782,3.0,default HCA=2.0 (no True HF Edge in chart),112.04717383828714,104.84470084226994,66.39192786066967,0.6822339603734373,99,118,90,13,19
team-colorado-st,Colorado St.,MWC,5.577,2.9,from True HF Edge chart (2022-25),118.17766988435673,109.338266995136,63.09657465197199,0.7097234591233249,90,54,184,21,13
team-dayton,Dayton,A10,7.295,2.8,from True HF Edge chart (2022-25),111.37608896243952,100.43476427398915,66.6773469845947,0.7665888234124413,70,126,34,25,12
team-george-mason,George Mason,A10,2.923,3.5,from True HF Edge chart (2022-25),111.08326049179479,106.49466027758324,63.69904104230973,0.6189583843745848,118,132,121,23,10
team-utah,Utah,B12,3.305,4.2,from True HF Edge chart (2022-25),114.93287468480162,109.95223169944263,66.35068083015668,0.624683586772682,116,83,194,10,22
team-hofstra,Hofstra,CAA,5.576,3.2,from True HF Edge chart (2022-25),113.48064159079209,104.86584430298282,64.72620287553595,0.7125763169889874,89,98,91,24,11
team-san-francisco,San Francisco,WCC,2.214,2.9,from True HF Edge chart (2022-25),113.26637478004622,109.91139164258317,65.99198352840244,0.5855938863164523,128,105,193,17,16
team-pittsburgh,Pittsburgh,ACC,4.245,4.0,from True HF Edge chart (2022-25),112.75408090351905,106.0933201309332,63.73013362497058,0.668240093405476,105,110,111,13,20
team-uc-irvine,UC Irvine,BW,3.196,3.0,default HCA=2.0 (no True HF Edge in chart),103.98115407535695,99.3004669438988,68.2803468948198,0.6294091930478993,114,272,25,23,12
team-wright-st,Wright St.,Horz,2.766,2.0,from True HF Edge chart (2022-25),113.28742487126996,109.1583152415311,66.99940160069468,0.6051528801293551,122,104,177,23,12
team-duquesne,Duquesne,A10,2.96,2.9,from True HF Edge chart (2022-25),111.15444634031726,106.85888486370962,68.90382371703619,0.6114074868790783,121,129,127,18,15
team-sam-houston-st,Sam Houston St.,CUSA,4.307,3.0,from True HF Edge chart (2022-25),114.63147166599418,108.49271990489837,70.16378601442635,0.6531585462790024,109,86,162,22,12
team-uc-santa-barbara,UC Santa Barbara,BW,1.759,3.0,default HCA=2.0 (no True HF Edge in chart),113.31488557763609,110.58238779606737,64.3887798991785,0.5697206818987419,134,102,213,18,14
team-washington-st,Washington St.,WCC,2.01,4.2,from True HF Edge chart (2022-25),113.98253596840946,111.0258416518295,67.96714560199675,0.5749914799598611,133,93,218,12,20
team-saint-josephs,Saint Joseph's,A10,5.11,3.0,default HCA=2.0 (no True HF Edge in chart),108.82895235636097,101.32765193500374,68.12239549546943,0.6945138570974078,96,173,40,24,12
team-murray-st,Murray St.,MVC,1.901,1.6,from True HF Edge chart (2022-25),115.14718563042952,112.50357086682384,71.90728391373484,0.5663812050614176,135,77,248,20,13
team-seattle,Seattle,WCC,3.967,3.1,from True HF Edge chart (2022-25),102.83703191647322,96.99899856272036,67.94935100591981,0.6619767969429509,107,288,17,21,14
team-cal-baptist,Cal Baptist,WAC,4.179,2.4,from True HF Edge chart (2022-25),107.01597131295634,100.68950817995164,66.0583939385103,0.6683583689746652,104,209,35,25,9
team-unlv,UNLV,MWC,4.706,2.2,from True HF Edge chart (2022-25),115.485625222025,108.74495783853851,69.81683762451905,0.6663269294743187,106,74,167,18,17
team-st-thomas,St. Thomas,Sum,3.683,3.0,default HCA=2.0 (no True HF Edge in chart),113.0094324700024,107.62836832440976,68.4529270286424,0.6366956487875084,112,108,144,24,10
team-troy,Troy,SB,0.671,3.7,from True HF Edge chart (2022-25),110.22437603271314,109.1915200454697,64.99719280095388,0.5270407534832634,151,146,181,22,12
team-north-dakota-st,North Dakota St.,Sum,3.018,3.0,default HCA=2.0 (no True HF Edge in chart),111.11654857454226,106.58772734843427,66.63277966373005,0.6174005767467231,119,130,122,27,8
team-ut-rio-grande-valley,UT Rio Grande Valley,Slnd,3.281,3.0,default HCA=2.0 (no True HF Edge in chart),111.64582261336778,106.70965593867251,66.4622661393291,0.6271545452199574,115,123,124,19,14
team-illinois-chicago,Illinois Chicago,MVC,3.604,3.0,default HCA=2.0 (no True HF Edge in chart),110.20752953933713,104.78331085419211,66.44519326385331,0.6411624670951998,111,147,89,19,16
team-penn-st,Penn St.,B10,1.267,3.7,from True HF Edge chart (2022-25),113.81423175815183,111.93995928999458,67.60797221933473,0.5475946169195894,140,94,234,12,20
team-maryland,Maryland,B10,4.058,3.6,from True HF Edge chart (2022-25),112.02578728943907,105.91586634131369,66.4239142151587,0.6558752277102903,108,119,106,12,21
team-boston-college,Boston College,ACC,1.054,1.7,from True HF Edge chart (2022-25),103.7024755610575,102.10519173897208,66.01714576674588,0.5445088130432181,142,278,52,11,20
team-fresno-st,Fresno St.,MWC,2.136,2.6,from True HF Edge chart (2022-25),107.42208301174384,104.29637491225154,68.32125311047825,0.5840898229522387,129,200,81,13,19
team-uc-san-diego,UC San Diego,BW,2.533,3.0,default HCA=2.0 (no True HF Edge in chart),106.50154940689725,102.73590994011676,67.26028717807154,0.6020406057415227,124,223,66,23,11
team-rhode-island,Rhode Island,A10,0.674,2.4,from True HF Edge chart (2022-25),104.42814648280344,103.40501370363715,65.8963360587766,0.5282764494696455,150,263,70,16,16
team-georgia-tech,Georgia Tech,ACC,-0.175,2.4,from True HF Edge chart (2022-25),106.71245868570954,106.95939240740938,70.96233844075729,0.4933552972290436,167,213,128,11,20
team-unc-wilmington,UNC Wilmington,CAA,2.351,3.0,default HCA=2.0 (no True HF Edge in chart),110.59087460061451,106.97204972635035,64.96447906504183,0.5945012286730561,125,140,129,27,7
team-temple,Temple,Amer,1.155,2.1,from True HF Edge chart (2022-25),112.26022540553402,110.48213488958545,64.93212070442843,0.5457731137858699,141,115,209,16,16
team-montana-st,Montana St.,BSky,1.941,3.3,from True HF Edge chart (2022-25),110.97578312187335,108.03277484020926,65.95672837796296,0.5766630247124936,131,136,151,18,14
team-portland-st,Portland St.,BSky,-0.255,3.0,from True HF Edge chart (2022-25),102.96653894951616,103.34195407292677,67.8367747141447,0.4895383642797023,170,286,68,20,11
team-southern-illinois,Southern Illinois,MVC,2.162,3.0,default HCA=2.0 (no True HF Edge in chart),102.88200656308916,99.75099454178743,69.04687654783253,0.5879303230402338,126,287,28,16,16
team-uab,UAB,Amer,1.966,2.6,from True HF Edge chart (2022-25),109.01336251326086,106.1782218086392,69.35030000896793,0.5751859008594432,132,168,115,20,12
team-austin-peay,Austin Peay,ASun,0.361,2.8,from True HF Edge chart (2022-25),108.9460512655697,108.42449847075261,69.25589159041336,0.5137929147563135,157,169,161,22,9
team-arkansas-st,Arkansas St.,SB,0.968,3.3,from True HF Edge chart (2022-25),110.16656144748336,108.82646882617513,72.21692663104164,0.5351286680080599,147,149,169,20,12
team-oakland,Oakland,Horz,-0.768,2.1,from True HF Edge chart (2022-25),114.23530197629077,115.33125345744747,70.05712794502084,0.47257681995262674,183,92,300,16,16
team-william-and-mary,William & Mary,CAA,0.455,3.0,default HCA=2.0 (no True HF Edge in chart),110.71480136614078,110.08912297426642,72.71100380819867,0.5162876972085646,156,139,197,20,12
team-bradley,Bradley,MVC,1.459,4.8,from True HF Edge chart (2022-25),111.25074336197352,109.0825046731825,67.30887393978061,0.5563456385921023,137,127,176,21,13
team-montana,Montana,BSky,-0.493,3.1,from True HF Edge chart (2022-25),107.15071950200358,107.86018855193208,69.55888695690989,0.48103582304211656,177,205,148,18,16
team-loyola-marymount,Loyola Marymount,WCC,0.44,3.0,default HCA=2.0 (no True HF Edge in chart),106.5788038082208,105.92533725834073,67.26242001547762,0.5176743801107649,155,218,107,15,17
team-kent-st,Kent St.,MAC,-0.197,2.1,from True HF Edge chart (2022-25),110.11739583894894,110.39591661807711,70.58755431528071,0.4927379318040425,168,150,206,24,10
team-middle-tennessee,Middle Tennessee,CUSA,0.606,3.0,default HCA=2.0 (no True HF Edge in chart),110.17244397245216,109.2492308924644,65.6335759826753,0.5241743099818047,154,148,182,17,15
team-bowling-green,Bowling Green,MAC,0.628,2.5,from True HF Edge chart (2022-25),106.22148052244522,105.30263642302316,68.29815665735902,0.5249569471794832,152,229,99,18,14
team-rutgers,Rutgers,B10,3.404,3.0,from True HF Edge chart (2022-25),111.1133155817452,106.01488868629968,66.75853318218353,0.6318511440311486,113,131,109,14,19
team-northern-colorado,Northern Colorado,BSky,1.289,3.0,default HCA=2.0 (no True HF Edge in chart),112.2758294063346,110.39532635135907,68.5253109379634,0.5484089566763831,139,114,205,20,12
team-valparaiso,Valparaiso,MVC,0.06,2.5,from True HF Edge chart (2022-25),107.74041361320462,107.64856000867292,65.18887325170049,0.5024520940645708,164,197,145,18,15
team-east-tennessee-st,East Tennessee St.,SC,-1.236,3.0,default HCA=2.0 (no True HF Edge in chart),108.26490005826625,110.13553290734137,66.08592434365269,0.450907843927041,192,187,198,23,11
team-missouri-st,Missouri St.,CUSA,-1.531,2.1,from True HF Edge chart (2022-25),109.5599104342508,111.90363258525207,65.31967950057535,0.43944486807382643,199,159,233,16,18
team-marist,Marist,MAAC,-1.619,2.2,from True HF Edge chart (2022-25),100.08578964767435,102.52785814030658,66.28127962809933,0.43113335528280866,202,328,60,19,12
team-north-texas,North Texas,Amer,1.335,3.0,default HCA=2.0 (no True HF Edge in chart),103.54880152799169,101.49672485618535,65.0472994294463,0.5572946225970019,136,282,45,19,14
team-winthrop,Winthrop,BSth,-0.264,2.3,from True HF Edge chart (2022-25),110.8477461863309,111.22524239529298,69.9755773921411,0.4902269571291118,169,137,221,23,11
team-central-arkansas,Central Arkansas,ASun,1.13,3.0,default HCA=2.0 (no True HF Edge in chart),109.85149719024386,108.18900552902689,67.96915231667973,0.5437308068570257,143,156,156,22,12
team-uc-davis,UC Davis,BW,-0.282,3.0,default HCA=2.0 (no True HF Edge in chart),106.8286991789225,107.23832818175876,68.91018577009054,0.4889988218171371,172,211,135,19,14
team-idaho,Idaho,BSky,1.056,2.5,from True HF Edge chart (2022-25),108.04260298229534,106.47947010308096,67.52807251862048,0.5418007979493974,145,192,120,21,15
team-toledo,Toledo,MAC,2.372,2.2,from True HF Edge chart (2022-25),114.89558847798587,111.40388001959326,67.94424191346167,0.5878074373153881,127,84,224,19,15
team-cal-st-northridge,Cal St. Northridge,BW,-0.528,3.0,default HCA=2.0 (no True HF Edge in chart),108.84748717184094,109.56569699378295,73.5017529405697,0.48110116856479807,176,171,188,20,14
team-merrimack,Merrimack,MAAC,0.061,3.2,from True HF Edge chart (2022-25),106.51433883871786,106.41765149817405,63.561989263832075,0.5026109143688485,163,221,118,23,11
team-harvard,Harvard,Ivy,0.205,1.8,from True HF Edge chart (2022-25),105.45370015586178,105.12873672067883,63.17617813923397,0.5088722741152384,159,243,93,17,12
team-portland,Portland,WCC,-1.907,2.1,from True HF Edge chart (2022-25),106.09489469980709,108.87555422567524,68.56542142215578,0.42616302281450774,205,231,170,15,19
team-fiu,FIU,CUSA,-0.411,3.0,default HCA=2.0 (no True HF Edge in chart),108.13283481439898,108.70556409699694,71.67499403348288,0.4848173172770981,173,190,165,15,17
team-cornell,Cornell,Ivy,0.724,2.3,from True HF Edge chart (2022-25),120.15409834669333,119.141328911147,71.4484944396723,0.5243166573583724,153,40,343,15,13
team-appalachian-st,Appalachian St.,SB,-1.117,3.3,from True HF Edge chart (2022-25),105.68624238643207,107.45788996989631,63.04134130475949,0.45235011714038664,190,238,139,19,13
team-charlotte,Charlotte,Amer,-0.265,3.1,from True HF Edge chart (2022-25),113.29382224815215,113.71124630099592,63.40648201119113,0.4894282831766354,171,103,271,17,17
team-ut-arlington,UT Arlington,WAC,-1.145,3.0,default HCA=2.0 (no True HF Edge in chart),101.19233427459291,102.95780800556412,64.86496246528135,0.45043653389546073,193,311,67,18,14
team-richmond,Richmond,A10,0.196,3.0,from True HF Edge chart (2022-25),110.84588973899452,110.55641161043029,67.63951802585572,0.5075174230431311,161,138,211,15,17
team-penn,Penn,Ivy,1.065,3.0,default HCA=2.0 (no True HF Edge in chart),107.82026842501253,106.27763755516388,69.05295906455814,0.5413363931126008,146,194,116,18,12
team-st-bonaventure,St. Bonaventure,A10,0.823,3.2,from True HF Edge chart (2022-25),113.48323480259307,112.25828122195261,67.21711140092798,0.5311614075970091,148,97,242,17,17
team-massachusetts,Massachusetts,MAC,-0.469,3.2,from True HF Edge chart (2022-25),110.0315552237675,110.69912411168423,70.23902167392359,0.4826168895531135,175,151,215,17,16
team-jacksonville-st,Jacksonville St.,CUSA,-1.769,2.5,from True HF Edge chart (2022-25),105.56596037887607,108.28215725290156,65.14510577172337,0.4274774095668156,204,240,157,15,17
team-mercer,Mercer,SC,-2.072,2.9,from True HF Edge chart (2022-25),111.08004822710623,114.08368101284398,68.99446084257477,0.4238879663665365,207,133,282,19,13
team-kennesaw-st,Kennesaw St.,CUSA,1.422,3.5,from True HF Edge chart (2022-25),111.04700866676608,109.0494149229648,71.18235807118188,0.5519996963802382,138,135,175,21,14
team-marshall,Marshall,SB,-2.684,3.5,from True HF Edge chart (2022-25),112.18800495727837,116.05110385631627,69.46597510608454,0.40387920276096906,215,116,305,19,13
team-new-mexico-st,New Mexico St.,CUSA,-1.217,2.6,from True HF Edge chart (2022-25),108.39377834713522,110.21921643646749,66.6531392845223,0.4521329129056835,191,180,203,16,16
team-navy,Navy,Pat,0.723,2.4,from True HF Edge chart (2022-25),107.24282075438313,106.1339389323156,65.18905228401348,0.5298464904380485,149,203,113,26,8
team-youngstown-st,Youngstown St.,Horz,-1.05,3.2,from True HF Edge chart (2022-25),106.59564164343004,108.15627706322093,67.3053876217457,0.45831014150701876,188,217,155,15,17
team-texas-aandm-corpus-chris,Texas A&M Corpus Chris,Slnd,-0.786,3.0,default HCA=2.0 (no True HF Edge in chart),104.40149968258672,105.5922252342859,65.97464007033207,0.46744161207136137,184,264,103,18,15
team-fordham,Fordham,A10,-0.527,2.5,from True HF Edge chart (2022-25),103.61891615074916,104.43932124590891,64.2659712274159,0.4773422911440721,179,279,83,17,15
team-utah-tech,Utah Tech,WAC,-1.431,3.5,from True HF Edge chart (2022-25),111.19533864314269,113.34740149059995,66.49887627692661,0.445111252432378,196,128,266,19,15
team-oregon-st,Oregon St.,WCC,-0.103,4.1,from True HF Edge chart (2022-25),109.36975421209732,109.5279145726017,65.27605609653598,0.4958455414004348,165,162,186,17,16
team-tarleton-st,Tarleton St.,WAC,-3.407,3.4,from True HF Edge chart (2022-25),103.50363014367647,108.40091728161539,69.56679774608274,0.3701336615376534,226,283,160,14,18
team-drexel,Drexel,CAA,-1.619,3.6,from True HF Edge chart (2022-25),103.01171944564402,105.53132859774985,64.24775103424295,0.430969026289947,203,285,101,17,16
team-western-kentucky,Western Kentucky,CUSA,0.214,3.0,default HCA=2.0 (no True HF Edge in chart),108.82701055947288,108.52146628715477,69.94212181045349,0.5080825396521543,160,174,163,18,14
team-furman,Furman,SC,-0.646,2.7,from True HF Edge chart (2022-25),108.34302074165095,109.32258051764632,65.94969777143098,0.4741461981738051,181,184,183,22,13
team-cal-st-fullerton,Cal St. Fullerton,BW,-2.107,3.0,default HCA=2.0 (no True HF Edge in chart),107.586110704209,110.47594402022189,72.90895765274189,0.4243791908965111,206,199,208,18,16
team-siena,Siena,MAAC,0.153,2.1,from True HF Edge chart (2022-25),108.38941585821061,108.15228702896792,64.6164732558772,0.5062963356244933,162,181,154,23,12
team-charleston,Charleston,CAA,-1.268,3.0,from True HF Edge chart (2022-25),107.16450451893257,109.03560139612964,67.78128736947671,0.4503992406533647,194,204,173,21,11
team-northern-kentucky,Northern Kentucky,Horz,-0.598,3.0,default HCA=2.0 (no True HF Edge in chart),109.33974258593453,110.1932345186387,70.05665833783961,0.47766014009649843,178,163,201,20,14
team-tulane,Tulane,Amer,-1.703,3.4,from True HF Edge chart (2022-25),107.84735208542014,110.39313603281542,66.90592824922544,0.43332250542930434,201,193,204,18,15
team-green-bay,Green Bay,Horz,-0.651,3.0,default HCA=2.0 (no True HF Edge in chart),113.41381229853448,114.44633689346352,63.004812838059166,0.47396785402325203,182,99,289,18,15
team-campbell,Campbell,CAA,-1.43,2.6,from True HF Edge chart (2022-25),110.47505146101118,112.52097830054112,69.89770742342698,0.44743876884383577,195,142,249,16,18
team-robert-morris,Robert Morris,Horz,1.038,2.6,from True HF Edge chart (2022-25),110.38232088918578,108.77591235104094,64.6100125435101,0.542048148817054,144,144,168,22,11
team-indiana-st,Indiana St.,MVC,-2.039,3.8,from True HF Edge chart (2022-25),105.95280993334686,108.93808674276261,68.28713835014099,0.42078837127989416,208,234,172,11,21
team-south-alabama,South Alabama,SB,-1.006,3.0,default HCA=2.0 (no True HF Edge in chart),107.80276840141943,109.35946811799528,64.63241835186565,0.4588742753425072,187,195,185,21,12
team-new-orleans,New Orleans,Slnd,-1.611,1.6,from True HF Edge chart (2022-25),108.85542564443428,111.16246018279212,69.82579017164066,0.439995774219202,198,170,220,15,18
team-stony-brook,Stony Brook,CAA,-3.371,3.1,from True HF Edge chart (2022-25),105.38020380415728,110.47121086452246,66.22047634173693,0.3675895283144762,227,244,207,17,15
team-south-dakota-st,South Dakota St.,Sum,-3.234,3.0,default HCA=2.0 (no True HF Edge in chart),107.6741536813104,112.49769352571872,67.0517813758344,0.3766090490477188,224,198,247,14,18
team-columbia,Columbia,Ivy,-1.609,2.3,from True HF Edge chart (2022-25),108.23013883819078,110.63657989002652,66.87276279190297,0.43711098438873436,200,188,214,16,12
team-quinnipiac,Quinnipiac,MAAC,-2.435,2.6,from True HF Edge chart (2022-25),104.36841947749173,107.83939359609676,70.14921038914275,0.4070358367603756,214,265,147,19,13
team-san-diego,San Diego,WCC,-3.094,2.1,from True HF Edge chart (2022-25),108.48551186351119,113.02233230418291,68.19316025219584,0.38434617969283624,222,179,261,12,21
team-eastern-washington,Eastern Washington,BSky,0.291,3.0,default HCA=2.0 (no True HF Edge in chart),113.3152161614241,112.88682532354855,67.8436496790939,0.5108878808203914,158,101,256,14,19
team-queens,Queens,ASun,-1.608,3.1,from True HF Edge chart (2022-25),115.28713108612192,117.59894106686083,69.54112598425438,0.4431658017099612,197,76,323,21,14
team-lamar,Lamar,Slnd,-4.86,2.9,from True HF Edge chart (2022-25),102.7671609473424,110.19503084114689,65.42954925051716,0.3094827931471121,257,289,202,12,19
team-colgate,Colgate,Pat,-4.807,3.0,from True HF Edge chart (2022-25),107.78754354734482,114.97067765583543,66.92372665862837,0.3225838421926917,244,196,295,18,15
team-weber-st,Weber St.,BSky,-2.294,2.9,from True HF Edge chart (2022-25),111.05887835439009,114.40259213618292,68.59420007811396,0.4155356755891091,210,134,288,16,16
team-lipscomb,Lipscomb,ASun,-4.104,3.1,from True HF Edge chart (2022-25),105.20675240922614,111.10962338823,69.5170526085163,0.3480134021796455,232,249,219,19,13
team-buffalo,Buffalo,MAC,-2.889,1.8,from True HF Edge chart (2022-25),111.4620770629032,115.80259022266169,66.55100343164081,0.3919008826233331,220,125,303,17,15
team-la-salle,La Salle,A10,-2.301,3.0,default HCA=2.0 (no True HF Edge in chart),106.39048618385911,109.88584831447575,65.8340343002038,0.4081186719251754,213,227,192,9,23
team-drake,Drake,MVC,-2.577,3.6,from True HF Edge chart (2022-25),109.68060275913467,113.51903323919318,67.13381645914684,0.40237551490715195,216,157,268,14,20
team-elon,Elon,CAA,-5.474,2.5,from True HF Edge chart (2022-25),108.37235276846094,116.55744364851398,66.88180423432578,0.30209761481559616,258,182,310,14,18
team-liu,LIU,NEC,-4.13,3.0,default HCA=2.0 (no True HF Edge in chart),104.08029181007888,110.16660465204305,67.86436371365062,0.3421880967719718,236,269,199,24,11
team-eastern-michigan,Eastern Michigan,MAC,-4.156,3.0,default HCA=2.0 (no True HF Edge in chart),101.79478192415905,108.0409433689558,66.5432722809254,0.3351816364931804,239,300,152,10,21
team-towson,Towson,CAA,-0.369,3.1,from True HF Edge chart (2022-25),104.5622265525862,105.1434703120888,63.45604761517991,0.4840680114734261,174,260,95,19,15
team-wofford,Wofford,SC,-5.915,3.3,from True HF Edge chart (2022-25),108.32938586779781,117.04526748512279,67.86470729858249,0.2911264345084259,265,186,313,19,13
team-bethune-cookman,Bethune Cookman,SWAC,-3.166,3.0,default HCA=2.0 (no True HF Edge in chart),104.46336288199535,109.04698550715723,69.0691706789465,0.3789898539768882,223,261,174,17,15
team-rice,Rice,Amer,-2.255,1.7,from True HF Edge chart (2022-25),109.21414887807745,112.64818379282661,65.65856484608766,0.41192151360616214,212,167,253,13,18
team-ohio,Ohio,MAC,-3.427,3.7,from True HF Edge chart (2022-25),108.56830673025445,113.53819284141997,68.95287828590907,0.37408368809066406,225,177,269,15,17
team-monmouth,Monmouth,CAA,-0.114,2.9,from True HF Edge chart (2022-25),106.90703587029958,107.07745876858434,66.95231826968423,0.49542067534289524,166,210,132,19,15
team-princeton,Princeton,Ivy,-4.713,2.3,from True HF Edge chart (2022-25),105.12324187491427,112.49665200984738,63.92106030063427,0.31440916818789266,254,251,246,9,20
team-denver,Denver,Sum,-4.748,2.5,from True HF Edge chart (2022-25),115.09977599103246,122.07434608620318,68.07019925774078,0.33703058761752785,238,80,356,15,17
team-dartmouth,Dartmouth,Ivy,-6.233,2.8,from True HF Edge chart (2022-25),104.75213022431547,113.70971420296442,69.5823332502689,0.280174277205534,273,255,270,11,16
team-detroit-mercy,Detroit Mercy,Horz,-0.935,3.0,default HCA=2.0 (no True HF Edge in chart),109.21466363253128,110.57322151099328,68.85528443266286,0.4645172619434178,185,166,212,17,15
team-saint-peters,Saint Peter's,MAAC,-3.96,3.0,default HCA=2.0 (no True HF Edge in chart),103.73194678231266,109.77517633951362,65.51963379083892,0.34272383707888915,234,276,190,17,12
team-san-jose-st,San Jose St.,MWC,-2.296,3.1,from True HF Edge chart (2022-25),113.3810351143097,116.91027733331642,65.05045486171564,0.4127750050504014,211,100,311,9,24
team-american,American,Pat,-4.587,1.9,from True HF Edge chart (2022-25),105.66437218430991,112.53070525981364,66.80768211165741,0.3265081426086326,243,239,250,16,16
team-james-madison,James Madison,SB,-2.084,3.3,from True HF Edge chart (2022-25),109.47598967026363,112.63266810587044,66.01632977659237,0.41899380612278503,209,160,252,18,15
team-long-beach-st,Long Beach St.,BW,-4.932,1.5,from True HF Edge chart (2022-25),104.22783532466578,111.43180779611033,68.46516983862513,0.3167850073617562,252,266,225,10,22
team-coastal-carolina,Coastal Carolina,SB,-3.756,2.3,from True HF Edge chart (2022-25),101.95366688493243,107.54914024472544,67.13389675934536,0.3510474789580309,231,298,142,19,13
team-tennessee-martin,Tennessee Martin,OVC,-4.938,3.0,default HCA=2.0 (no True HF Edge in chart),98.20411654258649,105.87640264044333,64.35781605622542,0.29627927691064615,262,343,105,22,11
team-southern-miss,Southern Miss,SB,-2.754,3.8,from True HF Edge chart (2022-25),105.18103634770506,109.16319596088823,69.15261559257155,0.39475907788076314,219,250,178,19,16
team-florida-gulf-coast,Florida Gulf Coast,ASun,-4.062,3.0,default HCA=2.0 (no True HF Edge in chart),105.71857395911756,111.7207453223983,67.66828065805235,0.3463661605020279,233,237,230,16,18
team-howard,Howard,MEAC,-0.662,3.7,from True HF Edge chart (2022-25),106.43763582145183,107.39596811124775,69.0577719274427,0.4742530011637854,180,226,138,24,11
team-nebraska-omaha,Nebraska Omaha,Sum,-4.758,3.0,default HCA=2.0 (no True HF Edge in chart),106.165296288723,113.25288446137588,67.13839493446763,0.32230511893839164,247,230,264,16,17
team-texas-st,Texas St.,SB,-3.463,2.1,from True HF Edge chart (2022-25),104.81601924404974,110.04681284300409,66.2074148722595,0.3635379370190949,228,254,196,19,13
team-sacramento-st,Sacramento St.,BSky,-6.765,1.8,from True HF Edge chart (2022-25),105.2343744020556,114.66983010963551,71.69362757341692,0.27141208918167387,277,248,292,10,21
team-unc-asheville,UNC Asheville,BSth,-4.705,3.0,default HCA=2.0 (no True HF Edge in chart),104.17807864900323,111.43528508604437,64.8377834965038,0.3155202200563157,253,267,226,15,17
team-idaho-st,Idaho St.,BSky,-5.648,3.5,from True HF Edge chart (2022-25),108.7413499948177,117.39293492280115,65.28424023045696,0.2930994760014281,264,175,320,13,20
team-iona,Iona,MAAC,-4.241,2.8,from True HF Edge chart (2022-25),104.7069532897599,110.83503682084714,69.2007774685252,0.34206839947907763,237,256,217,18,14
team-nicholls-st,Nicholls St.,Slnd,-4.823,2.2,from True HF Edge chart (2022-25),105.10858695859483,112.17017833766964,68.29978435095218,0.32130812295663747,248,252,240,14,19
team-vermont,Vermont,AE,-4.668,2.8,from True HF Edge chart (2022-25),105.33011324481268,112.53918775628603,64.74868615286714,0.3183587416397728,250,246,251,22,12
team-radford,Radford,BSth,-4.662,2.1,from True HF Edge chart (2022-25),106.66583173606756,113.25698019696699,70.73197392478149,0.33413920189038027,240,215,265,16,16
team-purdue-fort-wayne,Purdue Fort Wayne,Horz,-5.579,3.0,default HCA=2.0 (no True HF Edge in chart),105.27697925210384,113.50943699909817,67.76474470400494,0.29611880389515244,263,247,267,17,15
team-fairfield,Fairfield,MAAC,-4.736,2.6,from True HF Edge chart (2022-25),105.83181720698556,112.88853902325641,67.10935010322757,0.32249657374631047,245,236,257,21,13
team-lindenwood,Lindenwood,OVC,-6.187,2.4,from True HF Edge chart (2022-25),100.39234561576421,108.93177754848509,72.44998331430433,0.28114037393202956,272,325,171,18,15
team-cal-poly,Cal Poly,BW,-3.184,3.0,default HCA=2.0 (no True HF Edge in chart),109.46721312574154,113.76265157747416,74.13286416811636,0.3911154899344369,221,161,274,14,19
team-southern,Southern,SWAC,-5.055,3.8,from True HF Edge chart (2022-25),106.50155726097995,113.73569712527265,69.88334766752124,0.3195689177374223,249,222,272,17,17
team-siu-edwardsville,SIU Edwardsville,OVC,-4.935,3.0,default HCA=2.0 (no True HF Edge in chart),99.06050707989198,106.717462296574,64.45603264919573,0.29812959535170236,261,339,125,19,13
team-southeast-missouri-st,Southeast Missouri St.,OVC,-4.821,3.0,default HCA=2.0 (no True HF Edge in chart),101.31330350216629,108.30040801596363,68.99455679059557,0.31713953362978176,251,308,158,20,13
team-abilene-christian,Abilene Christian,WAC,-5.114,2.6,from True HF Edge chart (2022-25),99.88144841745863,107.45842221340007,67.49631527536629,0.3013493916152808,259,330,140,14,19
team-old-dominion,Old Dominion,SB,-4.282,2.4,from True HF Edge chart (2022-25),106.55293185117185,112.76325840278145,68.95469269710324,0.34266062427679106,235,219,255,12,21
team-arkansas-pine-bluff,Arkansas Pine Bluff,SWAC,-7.669,3.0,default HCA=2.0 (no True HF Edge in chart),105.07170272248024,116.12775930932116,69.36343693514794,0.24038836016292658,292,253,307,13,19
team-charleston-southern,Charleston Southern,BSth,-4.852,3.0,default HCA=2.0 (no True HF Edge in chart),105.47610849169425,112.25052702513825,71.61919898461224,0.32830514121205007,241,241,241,15,17
team-louisiana-tech,Louisiana Tech,CUSA,-0.902,2.5,from True HF Edge chart (2022-25),103.71580110324189,105.12536347123299,63.99539401214393,0.46126784425746864,186,277,92,20,14
team-samford,Samford,SC,-3.808,3.7,from True HF Edge chart (2022-25),108.1221474046398,113.77380863746038,67.38265301526735,0.3575683857926288,230,191,276,18,14
team-georgia-southern,Georgia Southern,SB,-3.905,3.0,default HCA=2.0 (no True HF Edge in chart),110.52304456747102,116.0887202716136,70.16240371414426,0.3623906921534472,229,141,306,21,16
team-umbc,UMBC,AE,-1.055,3.0,default HCA=2.0 (no True HF Edge in chart),108.59256119087833,110.18875350993395,66.10949178485536,0.4581463736334496,189,176,200,24,9
team-grambling-st,Grambling St.,SWAC,-7.378,3.0,default HCA=2.0 (no True HF Edge in chart),96.62168184797119,107.54049135864801,67.57202184820454,0.22596461761982742,301,349,141,14,19
team-incarnate-word,Incarnate Word,Slnd,-5.946,2.2,from True HF Edge chart (2022-25),109.2562985830931,118.33250165112126,65.50990403505435,0.2854221057730562,269,165,334,12,19
team-northeastern,Northeastern,CAA,-7.956,2.2,from True HF Edge chart (2022-25),107.1282168246164,118.5281339746123,69.79292458463941,0.2381361376260184,295,206,338,7,24
team-southeastern-louisiana,Southeastern Louisiana,Slnd,-7.031,3.0,default HCA=2.0 (no True HF Edge in chart),99.8027784918246,110.54147389839437,65.47586481769298,0.23590919033095828,297,331,210,9,22
team-milwaukee,Milwaukee,Horz,-5.845,3.0,default HCA=2.0 (no True HF Edge in chart),106.62832518933203,115.26437821982633,67.68152039974719,0.28995321973606436,266,216,298,12,20
team-southern-utah,Southern Utah,WAC,-6.262,2.8,from True HF Edge chart (2022-25),106.3493419192728,115.23994180222275,70.43442548614598,0.2842857518573325,271,228,297,10,22
team-utep,UTEP,CUSA,-5.489,2.6,from True HF Edge chart (2022-25),101.4432424950067,109.85163330136987,65.27667643058957,0.2858228266152618,268,307,191,11,20
team-north-dakota,North Dakota,Sum,-6.221,3.0,default HCA=2.0 (no True HF Edge in chart),106.5437245670215,115.77756818427767,67.37350428297653,0.2777145152938927,275,220,302,18,17
team-south-dakota,South Dakota,Sum,-6.882,3.0,default HCA=2.0 (no True HF Edge in chart),104.45382735592668,114.28483267434811,70.00712060205,0.2622299416319627,279,262,285,16,16
team-longwood,Longwood,BSth,-5.756,2.6,from True HF Edge chart (2022-25),103.55179672499489,111.94597364371143,68.57680602169111,0.28979887961416984,267,281,235,16,16
team-georgia-st,Georgia St.,SB,-8.832,2.7,from True HF Edge chart (2022-25),99.42113447527353,112.41312706823953,67.9834945225723,0.19585829483965908,317,334,243,10,22
team-tennessee-st,Tennessee St.,OVC,-2.768,3.1,from True HF Edge chart (2022-25),108.22303754906568,112.15253623971373,70.44749310255408,0.3988750572584268,217,189,239,23,10
team-eastern-kentucky,Eastern Kentucky,ASun,-8.265,3.0,default HCA=2.0 (no True HF Edge in chart),108.83341037123151,121.11289612759987,67.31032361943821,0.22628560992615496,300,172,351,11,21
team-pepperdine,Pepperdine,WCC,-5.542,3.3,from True HF Edge chart (2022-25),105.83319821132106,113.92773285725792,68.46049914612027,0.299946879113313,260,235,280,9,23
team-east-texas-aandm,East Texas A&M,Slnd,-7.389,3.0,default HCA=2.0 (no True HF Edge in chart),101.08018444667542,111.87375578659544,68.45357418739366,0.23744205221812986,296,313,231,11,21
team-western-carolina,Western Carolina,SC,-2.785,3.0,default HCA=2.0 (no True HF Edge in chart),109.6470740181789,113.74596796038185,67.94266720591092,0.3960240492326283,218,158,273,15,16
team-delaware,Delaware,CUSA,-5.852,2.2,from True HF Edge chart (2022-25),106.0460568073425,115.30593620170879,63.201164535887244,0.27633248681993783,276,232,299,10,21
team-cleveland-st,Cleveland St.,Horz,-9.743,2.7,from True HF Edge chart (2022-25),109.92206134865198,123.90922513361676,69.65710097223402,0.2014199634029692,316,153,363,11,22
team-central-michigan,Central Michigan,MAC,-4.779,3.0,default HCA=2.0 (no True HF Edge in chart),106.6805946639069,113.799276253958,67.13065117661624,0.32237813651517044,246,214,277,10,21
team-presbyterian,Presbyterian,BSth,-6.294,2.6,from True HF Edge chart (2022-25),102.6275690162459,112.42375859902626,64.24501706850334,0.25952478850651933,281,292,244,15,18
team-iu-indy,IU Indy,Horz,-8.338,3.0,default HCA=2.0 (no True HF Edge in chart),106.4503230091997,117.75962757062662,73.7307969774904,0.23846360489404272,294,225,325,7,25
team-brown,Brown,Ivy,-6.601,2.9,from True HF Edge chart (2022-25),98.241281814176,108.13187705860256,66.7397041595559,0.24915236697353937,286,342,153,9,18
team-uc-riverside,UC Riverside,BW,-5.129,3.0,default HCA=2.0 (no True HF Edge in chart),103.75682906634377,111.2434550467395,68.5129576641046,0.3097650898603839,256,275,222,10,22
team-evansville,Evansville,MVC,-8.061,3.2,from True HF Edge chart (2022-25),102.65716223820706,114.68309054194518,67.03281151075305,0.21858297691417494,304,290,293,7,25
team-hampton,Hampton,CAA,-7.826,2.6,from True HF Edge chart (2022-25),101.02944216913627,112.98698434759314,65.45209639147922,0.21646320298039662,305,314,260,13,19
team-louisiana,Louisiana,SB,-6.564,3.0,default HCA=2.0 (no True HF Edge in chart),101.60244042203921,111.9649304712776,63.33922277790316,0.24659442960954697,287,306,236,11,22
team-mercyhurst,Mercyhurst,NEC,-6.473,4.2,from True HF Edge chart (2022-25),101.65053310876989,111.66310831308891,64.6444151439554,0.2534351884856517,284,304,229,17,17
team-east-carolina,East Carolina,Amer,-5.095,3.0,default HCA=2.0 (no True HF Edge in chart),104.0190593723515,111.43803381168246,68.67027826621866,0.3116777714480818,255,270,227,11,20
team-western-michigan,Western Michigan,MAC,-6.967,3.0,default HCA=2.0 (no True HF Edge in chart),107.26901204994604,117.5298778718685,67.89818254647007,0.25911818284510896,282,202,322,10,21
team-le-moyne,Le Moyne,NEC,-8.757,3.0,default HCA=2.0 (no True HF Edge in chart),101.2917384589753,113.88618118440087,69.53212844906962,0.20624028115892598,315,309,279,15,17
team-boston-university,Boston University,Pat,-4.569,3.0,default HCA=2.0 (no True HF Edge in chart),112.17024247914321,119.40141580313849,63.18176396528027,0.32773589949128445,242,117,345,17,17
team-north-carolina-aandt,North Carolina A&T,CAA,-8.723,3.0,default HCA=2.0 (no True HF Edge in chart),104.68960235259283,117.41149827387115,68.56818576441694,0.2110050330122791,313,257,321,11,19
team-loyola-chicago,Loyola Chicago,A10,-5.855,3.0,default HCA=2.0 (no True HF Edge in chart),103.55316540075414,112.44847963446591,65.81753624295996,0.2793445819661041,274,280,245,9,24
team-bellarmine,Bellarmine,ASun,-8.171,1.4,from True HF Edge chart (2022-25),115.36389377794367,128.0040227629043,64.6465091768494,0.23224852607957966,298,75,365,13,19
team-northwestern-st,Northwestern St.,Slnd,-7.791,3.1,from True HF Edge chart (2022-25),100.88907498565112,112.90286308028618,64.84700063953967,0.21520674870431084,308,318,258,10,22
team-alabama-aandm,Alabama A&M,SWAC,-8.196,3.5,from True HF Edge chart (2022-25),104.61672186624484,117.16938263848783,65.29139911579095,0.21363572598093722,310,259,315,18,15
team-mount-st-marys,Mount St. Mary's,MAAC,-5.623,2.1,from True HF Edge chart (2022-25),99.71862240053261,108.00560739931754,67.85080795506958,0.2853547595249173,270,332,150,15,17
team-usc-upstate,USC Upstate,BSth,-7.513,3.2,from True HF Edge chart (2022-25),99.66456316088932,110.77144580085638,67.64101010203464,0.22880400166437462,299,333,216,13,19
team-northern-arizona,Northern Arizona,BSky,-9.153,3.0,default HCA=2.0 (no True HF Edge in chart),105.35340698223044,119.69196200985715,63.83352012658585,0.187336407438623,320,245,346,10,22
team-northern-illinois,Northern Illinois,MAC,-12.509,3.0,default HCA=2.0 (no True HF Edge in chart),95.96009480393214,114.47731393682062,67.55247016309569,0.11618039858887383,345,355,290,9,21
team-central-connecticut,Central Connecticut,NEC,-8.239,3.0,default HCA=2.0 (no True HF Edge in chart),104.67392684556428,117.3698048782802,64.89373941764185,0.2113985935239089,312,258,319,18,12
team-sacred-heart,Sacred Heart,MAAC,-7.609,2.5,from True HF Edge chart (2022-25),107.28545880256776,118.40242135882008,68.44527292814118,0.24345045117624628,289,201,336,14,19
team-morehead-st,Morehead St.,OVC,-7.298,3.0,from True HF Edge chart (2022-25),106.46833454095048,117.63346480899351,65.36480591937416,0.24106520811704063,291,224,324,20,13
team-jacksonville,Jacksonville,ASun,-6.61,3.0,from True HF Edge chart (2022-25),103.90089514087057,114.29755966006101,63.581748977924676,0.2503533526511743,285,274,286,12,20
team-ball-st,Ball St.,MAC,-5.8,2.5,from True HF Edge chart (2022-25),99.20271827477546,108.30627085419505,63.71306695688263,0.26704387954603725,278,336,159,12,19
team-texas-southern,Texas Southern,SWAC,-8.455,2.1,from True HF Edge chart (2022-25),102.20967647028608,114.50408227595402,68.76774355131178,0.21312050087300552,311,296,291,12,18
team-njit,NJIT,AE,-10.081,3.0,default HCA=2.0 (no True HF Edge in chart),97.28513776373325,112.08833509458634,68.09723774282816,0.1639849568965944,324,345,238,16,17
team-lehigh,Lehigh,Pat,-7.006,2.4,from True HF Edge chart (2022-25),102.24335936903427,112.73844788023024,66.75071839788293,0.24532215887693923,288,295,254,18,17
team-chattanooga,Chattanooga,SC,-8.478,3.0,default HCA=2.0 (no True HF Edge in chart),106.01648826231809,118.65040049023159,67.10767480112854,0.21505035554534443,309,233,340,13,19
team-unc-greensboro,UNC Greensboro,SC,-7.1,3.0,default HCA=2.0 (no True HF Edge in chart),108.3550225192363,118.83661987480906,67.73439997339544,0.25695224803205674,283,183,341,15,19
team-florida-aandm,Florida A&M,SWAC,-7.148,3.2,from True HF Edge chart (2022-25),99.12259492348477,109.62798598335883,68.03861519266151,0.23894801907937574,293,338,189,15,16
team-houston-christian,Houston Christian,Slnd,-7.654,2.7,from True HF Edge chart (2022-25),101.9186961083362,113.85051424485303,64.15079893926179,0.2187141476905908,303,299,278,12,20
team-alabama-st,Alabama St.,SWAC,-8.24,1.8,from True HF Edge chart (2022-25),100.16531030919856,112.04962681146463,69.33802586177808,0.21595787690547844,307,327,237,10,22
team-new-hampshire,New Hampshire,AE,-13.916,3.0,from True HF Edge chart (2022-25),95.6461206832733,116.27573536483673,67.45408803640794,0.0956901654061455,350,357,308,9,21
team-west-georgia,West Georgia,ASun,-7.406,2.4,from True HF Edge chart (2022-25),102.50990583524685,113.22441138174663,69.12392909274747,0.24172560905250914,290,293,263,15,17
team-lafayette,Lafayette,Pat,-9.941,1.7,from True HF Edge chart (2022-25),100.98672200135918,115.8500799516728,66.88480965895076,0.17093136697270994,321,315,304,11,21
team-cal-st-bakersfield,Cal St. Bakersfield,BW,-11.376,3.0,default HCA=2.0 (no True HF Edge in chart),101.70818925044344,117.94277483853968,70.07489652193237,0.15406670762283836,329,302,327,8,24
team-albany,Albany,AE,-9.246,3.0,from True HF Edge chart (2022-25),104.01571713619563,118.17004048274507,65.32194738684025,0.18736859865738736,318,271,333,11,21
team-eastern-illinois,Eastern Illinois,OVC,-10.528,3.0,default HCA=2.0 (no True HF Edge in chart),97.12401014869741,113.15385265530657,65.67565230670064,0.14719938578428612,331,346,262,13,20
team-fairleigh-dickinson,Fairleigh Dickinson,NEC,-11.824,3.0,default HCA=2.0 (no True HF Edge in chart),100.92994517126554,119.37375767665088,64.10923814110792,0.12674212734918391,340,317,344,11,21
team-north-florida,North Florida,ASun,-11.771,3.0,default HCA=2.0 (no True HF Edge in chart),107.06012246969449,123.73127670701484,70.60509939445562,0.15918595182771672,326,208,362,7,25
team-stetson,Stetson,ASun,-8.344,2.8,from True HF Edge chart (2022-25),105.4656068807254,117.9541555650387,66.8152037231695,0.21636473978864731,306,242,328,12,21
team-prairie-view-aandm,Prairie View A&M,SWAC,-6.768,2.3,from True HF Edge chart (2022-25),101.67707228475945,111.26953017706836,70.5560965729393,0.2617743459307955,280,303,223,19,18
team-umass-lowell,UMass Lowell,AE,-9.737,3.0,default HCA=2.0 (no True HF Edge in chart),103.12258440285392,117.15546152359735,69.38865011533491,0.1873672518207911,319,284,314,15,18
team-oral-roberts,Oral Roberts,Sum,-7.923,2.9,from True HF Edge chart (2022-25),102.64738685698686,114.34095275644242,67.75943757067782,0.22431785466473783,302,291,287,10,23
team-bucknell,Bucknell,Pat,-10.072,2.2,from True HF Edge chart (2022-25),99.05387283126112,114.05640978629552,67.1365063546459,0.16495172525040303,323,340,281,10,23
team-holy-cross,Holy Cross,Pat,-11.256,2.0,from True HF Edge chart (2022-25),100.97378480868801,118.1568221428021,65.50534896732901,0.1409713143699523,336,316,332,11,22
team-wagner,Wagner,NEC,-8.155,1.4,from True HF Edge chart (2022-25),102.388656930217,114.83332701161373,65.52903560858823,0.21096526532226695,314,294,294,14,17
team-little-rock,Little Rock,OVC,-10.504,3.0,default HCA=2.0 (no True HF Edge in chart),101.21616178419067,117.01154366251174,66.50339582551854,0.15873604990072562,327,310,312,12,20
team-loyola-md,Loyola MD,Pat,-10.901,3.0,default HCA=2.0 (no True HF Edge in chart),103.95615579313878,119.92743622029059,68.25640966452846,0.16198221891597323,325,273,347,12,20
team-manhattan,Manhattan,MAAC,-11.791,1.4,from True HF Edge chart (2022-25),104.11341096457983,121.44705495679962,68.02236330707649,0.14542142731421603,332,268,353,12,20
team-army,Army,Pat,-12.477,1.5,from True HF Edge chart (2022-25),99.93554940102158,118.49425024597639,67.22726346653974,0.12358634686440938,342,329,337,11,21
team-norfolk-st,Norfolk St.,MEAC,-11.158,3.7,from True HF Edge chart (2022-25),101.73204043465464,118.10105544482417,68.16269509252582,0.1524153807981444,330,301,331,15,17
team-tennessee-tech,Tennessee Tech,OVC,-10.148,3.7,from True HF Edge chart (2022-25),102.12993597206048,117.25738556650865,67.0848648773679,0.16960301634860406,322,297,316,13,18
team-stonehill,Stonehill,NEC,-10.778,2.2,from True HF Edge chart (2022-25),92.42519824353064,108.65149212305187,66.42276045749323,0.13469412536155229,337,362,164,12,21
team-niagara,Niagara,MAAC,-10.516,1.7,from True HF Edge chart (2022-25),100.44614241014278,117.32776917874698,62.290326524612055,0.14349961305314685,333,323,318,8,22
team-air-force,Air Force,MWC,-11.907,2.2,from True HF Edge chart (2022-25),96.33983297155083,114.28105291008066,66.36850428026281,0.12303938041006122,343,351,284,3,29
team-north-alabama,North Alabama,ASun,-11.486,3.0,default HCA=2.0 (no True HF Edge in chart),100.16584132031589,117.8692438514791,64.88026637042138,0.13335556072374993,338,326,326,9,21
team-alcorn-st,Alcorn St.,SWAC,-12.43,2.8,from True HF Edge chart (2022-25),97.37648846114746,115.65514314492466,68.00359249389118,0.12149774218335554,344,344,301,9,23
team-the-citadel,The Citadel,SC,-13.104,2.2,from True HF Edge chart (2022-25),100.4506516976927,120.85388702405818,64.2267154620929,0.1065448176587698,347,322,350,11,22
team-new-haven,New Haven,NEC,-9.648,3.0,default HCA=2.0 (no True HF Edge in chart),96.36200697601112,111.56873483831549,63.44743796324073,0.15642372784248623,328,350,228,14,17
team-jackson-st,Jackson St.,SWAC,-11.978,1.3,from True HF Edge chart (2022-25),101.15237012264376,118.35020025026338,69.64915797533433,0.14115494033992185,334,312,335,12,21
team-southern-indiana,Southern Indiana,OVC,-12.644,3.0,default HCA=2.0 (no True HF Edge in chart),96.33492679047643,114.9954288083743,67.75588523484393,0.11545357141501843,346,352,296,7,23
team-canisius,Canisius,MAAC,-11.316,2.6,from True HF Edge chart (2022-25),96.11914327392827,113.76649769277111,64.12146899382041,0.1258198648505057,341,353,275,10,21
team-north-carolina-central,North Carolina Central,MEAC,-14.571,3.0,default HCA=2.0 (no True HF Edge in chart),100.45116924742373,122.58726526941194,65.8234349987625,0.09193440627930259,352,321,357,14,18
team-utsa,UTSA,Amer,-11.776,3.0,default HCA=2.0 (no True HF Edge in chart),100.88066844074429,118.03762470001259,68.63613274838181,0.141092108841457,335,319,330,5,25
team-saint-francis,Saint Francis,NEC,-15.269,3.0,default HCA=2.0 (no True HF Edge in chart),100.8541254468399,122.64802692065325,70.06271347004188,0.09535805640231008,351,320,358,7,24
team-louisiana-monroe,Louisiana Monroe,SB,-14.901,3.0,default HCA=2.0 (no True HF Edge in chart),101.61718877944784,122.81210550321632,70.30679880850424,0.10168936393273803,348,305,359,4,28
team-maine,Maine,AE,-12.569,3.9,from True HF Edge chart (2022-25),92.48276226448749,111.87506646190198,64.81251049882931,0.10072945042081242,349,361,232,8,24
team-umkc,UMKC,Sum,-17.316,3.0,default HCA=2.0 (no True HF Edge in chart),93.17195512678387,117.98506024573084,69.78526999128901,0.06207775784601559,360,359,329,4,27
team-chicago-st,Chicago St.,NEC,-11.982,2.9,from True HF Edge chart (2022-25),100.39571717629497,118.62904218067726,65.71216431449595,0.12795744202577247,339,324,339,7,25
team-maryland-eastern-shore,Maryland Eastern Shore,MEAC,-14.428,3.0,default HCA=2.0 (no True HF Edge in chart),93.63447680660056,116.40954457220016,63.34840628303385,0.07559692953665108,356,358,309,9,23
team-bryant,Bryant,AE,-14.806,3.2,from True HF Edge chart (2022-25),97.10707661498307,120.1393407544483,64.28358101534215,0.0796115312222021,355,347,348,9,22
team-morgan-st,Morgan St.,MEAC,-15.717,3.2,from True HF Edge chart (2022-25),99.19435333835247,121.48372416756953,70.51140611711602,0.08858459055905706,354,337,354,14,16
team-rider,Rider,MAAC,-15.484,2.5,from True HF Edge chart (2022-25),96.62761345952661,120.17654388760721,65.75170976744,0.07529096244414445,357,348,349,4,25
team-south-carolina-st,South Carolina St.,MEAC,-14.807,3.0,default HCA=2.0 (no True HF Edge in chart),95.82120744843549,117.31056087516006,68.90327808562456,0.08891797236448541,353,356,317,10,22
team-vmi,VMI,SC,-16.858,1.9,from True HF Edge chart (2022-25),99.36386287830001,124.57321908684071,66.87362657797092,0.06912495387968101,359,335,364,6,26
team-delaware-st,Delaware St.,MEAC,-16.71,3.3,from True HF Edge chart (2022-25),88.78445617101292,114.27919284367002,65.54137702705324,0.05200651590537627,362,365,283,8,23
team-binghamton,Binghamton,AE,-16.007,2.5,from True HF Edge chart (2022-25),98.95365080927297,123.36448590060752,65.57349344129584,0.07339615137227586,358,341,360,8,23
team-gardner-webb,Gardner Webb,BSth,-18.136,1.7,from True HF Edge chart (2022-25),95.98436374196002,122.02197461862445,69.65172151754344,0.05951416421992248,361,354,355,4,29
team-western-illinois,Western Illinois,OVC,-20.291,3.0,default HCA=2.0 (no True HF Edge in chart),93.15173405226099,123.64800096140011,66.53737743829208,0.03707956364582358,365,360,361,5,26
team-coppin-st,Coppin St.,MEAC,-18.52,2.5,from True HF Edge chart (2022-25),92.01545803276083,119.00640599136077,68.61705270432765,0.04935796213515598,363,363,342,7,24
team-mississippi-valley-st,Mississippi Valley St.,SWAC,-20.005,3.0,default HCA=2.0 (no True HF Edge in chart),91.5249831288545,121.26130366312017,67.27302593531354,0.037856480989952195,364,364,352,3,30
